id,nepali_name,sanskrit_name,author_rishi,subject,type,tradition
HG0001,ईश उपनिषद्,ईश उपनिषद्,परम्परागत ऋषि/अज्ञात,"ब्रह्म, आत्मा, ज्ञान, ध्यान र मोक्ष",उपनिषद्,वेदान्त/श्रुति
HG0002,केन उपनिषद्,केन उपनिषद्,परम्परागत ऋषि/अज्ञात,"ब्रह्म, आत्मा, ज्ञान, ध्यान र मोक्ष",उपनिषद्,वेदान्त/श्रुति
HG0003,कठ उपनिषद्,कठ उपनिषद्,परम्परागत ऋषि/अज्ञात,"ब्रह्म, आत्मा, ज्ञान, ध्यान र मोक्ष",उपनिषद्,वेदान्त/श्रुति
HG0004,प्रश्न उपनिषद्,प्रश्न उपनिषद्,परम्परागत ऋषि/अज्ञात,"ब्रह्म, आत्मा, ज्ञान, ध्यान र मोक्ष",उपनिषद्,वेदान्त/श्रुति
HG0005,मुण्डक उपनिषद्,मुण्डक उपनिषद्,परम्परागत ऋषि/अज्ञात,"ब्रह्म, आत्मा, ज्ञान, ध्यान र मोक्ष",उपनिषद्,वेदान्त/श्रुति
HG0006,माण्डूक्य उपनिषद्,माण्डूक्य उपनिषद्,परम्परागत ऋषि/अज्ञात,"ब्रह्म, आत्मा, ज्ञान, ध्यान र मोक्ष",उपनिषद्,वेदान्त/श्रुति
HG0007,तैत्तिरीय उपनिषद्,तैत्तिरीय उपनिषद्,परम्परागत ऋषि/अज्ञात,"ब्रह्म, आत्मा, ज्ञान, ध्यान र मोक्ष",उपनिषद्,वेदान्त/श्रुति
HG0008,ऐतरेय उपनिषद्,ऐतरेय उपनिषद्,परम्परागत ऋषि/अज्ञात,"ब्रह्म, आत्मा, ज्ञान, ध्यान र मोक्ष",उपनिषद्,वेदान्त/श्रुति
HG0009,छान्दोग्य उपनिषद्,छान्दोग्य उपनिषद्,परम्परागत ऋषि/अज्ञात,"ब्रह्म, आत्मा, ज्ञान, ध्यान र मोक्ष",उपनिषद्,वेदान्त/श्रुति
HG0010,बृहदारण्यक उपनिषद्,बृहदारण्यक उपनिषद्,परम्परागत ऋषि/अज्ञात,"ब्रह्म, आत्मा, ज्ञान, ध्यान र मोक्ष",उपनिषद्,वेदान्त/श्रुति
HG0011,ब्रह्म उपनिषद्,ब्रह्म उपनिषद्,परम्परागत ऋषि/अज्ञात,"ब्रह्म, आत्मा, ज्ञान, ध्यान र मोक्ष",उपनिषद्,वेदान्त/श्रुति
HG0012,कैवल्य उपनिषद्,कैवल्य उपनिषद्,परम्परागत ऋषि/अज्ञात,"ब्रह्म, आत्मा, ज्ञान, ध्यान र मोक्ष",उपनिषद्,वेदान्त/श्रुति
HG0013,जाबाल उपनिषद्,जाबाल उपनिषद्,परम्परागत ऋषि/अज्ञात,"ब्रह्म, आत्मा, ज्ञान, ध्यान र मोक्ष",उपनिषद्,वेदान्त/श्रुति
HG0014,श्वेताश्वतर उपनिषद्,श्वेताश्वतर उपनिषद्,परम्परागत ऋषि/अज्ञात,"ब्रह्म, आत्मा, ज्ञान, ध्यान र मोक्ष",उपनिषद्,वेदान्त/श्रुति
HG0015,हंस उपनिषद्,हंस उपनिषद्,परम्परागत ऋषि/अज्ञात,"ब्रह्म, आत्मा, ज्ञान, ध्यान र मोक्ष",उपनिषद्,वेदान्त/श्रुति
HG0016,अरुणेय उपनिषद्,अरुणेय उपनिषद्,परम्परागत ऋषि/अज्ञात,"ब्रह्म, आत्मा, ज्ञान, ध्यान र मोक्ष",उपनिषद्,वेदान्त/श्रुति
HG0017,गर्भ उपनिषद्,गर्भ उपनिषद्,परम्परागत ऋषि/अज्ञात,"ब्रह्म, आत्मा, ज्ञान, ध्यान र मोक्ष",उपनिषद्,वेदान्त/श्रुति
HG0018,नारायण उपनिषद्,नारायण उपनिषद्,परम्परागत ऋषि/अज्ञात,"ब्रह्म, आत्मा, ज्ञान, ध्यान र मोक्ष",उपनिषद्,वेदान्त/श्रुति
HG0019,परमहंस उपनिषद्,परमहंस उपनिषद्,परम्परागत ऋषि/अज्ञात,"ब्रह्म, आत्मा, ज्ञान, ध्यान र मोक्ष",उपनिषद्,वेदान्त/श्रुति
HG0020,अमृतबिन्दु उपनिषद्,अमृतबिन्दु उपनिषद्,परम्परागत ऋषि/अज्ञात,"ब्रह्म, आत्मा, ज्ञान, ध्यान र मोक्ष",उपनिषद्,वेदान्त/श्रुति
HG0021,अमृतनाद उपनिषद्,अमृतनाद उपनिषद्,परम्परागत ऋषि/अज्ञात,"ब्रह्म, आत्मा, ज्ञान, ध्यान र मोक्ष",उपनिषद्,वेदान्त/श्रुति
HG0022,अथर्वशिरस् उपनिषद्,अथर्वशिरस् उपनिषद्,परम्परागत ऋषि/अज्ञात,"ब्रह्म, आत्मा, ज्ञान, ध्यान र मोक्ष",उपनिषद्,वेदान्त/श्रुति
HG0023,अथर्वशिखा उपनिषद्,अथर्वशिखा उपनिषद्,परम्परागत ऋषि/अज्ञात,"ब्रह्म, आत्मा, ज्ञान, ध्यान र मोक्ष",उपनिषद्,वेदान्त/श्रुति
HG0024,मैत्रायणीय उपनिषद्,मैत्रायणीय उपनिषद्,परम्परागत ऋषि/अज्ञात,"ब्रह्म, आत्मा, ज्ञान, ध्यान र मोक्ष",उपनिषद्,वेदान्त/श्रुति
HG0025,कौषीतकी उपनिषद्,कौषीतकी उपनिषद्,परम्परागत ऋषि/अज्ञात,"ब्रह्म, आत्मा, ज्ञान, ध्यान र मोक्ष",उपनिषद्,वेदान्त/श्रुति
HG0026,बृहज्जाबाल उपनिषद्,बृहज्जाबाल उपनिषद्,परम्परागत ऋषि/अज्ञात,"ब्रह्म, आत्मा, ज्ञान, ध्यान र मोक्ष",उपनिषद्,वेदान्त/श्रुति
HG0027,नृसिंहतापनीय उपनिषद्,नृसिंहतापनीय उपनिषद्,परम्परागत ऋषि/अज्ञात,"ब्रह्म, आत्मा, ज्ञान, ध्यान र मोक्ष",उपनिषद्,वेदान्त/श्रुति
HG0028,कालाग्निरुद्र उपनिषद्,कालाग्निरुद्र उपनिषद्,परम्परागत ऋषि/अज्ञात,"ब्रह्म, आत्मा, ज्ञान, ध्यान र मोक्ष",उपनिषद्,वेदान्त/श्रुति
HG0029,मैत्रेयी उपनिषद्,मैत्रेयी उपनिषद्,परम्परागत ऋषि/अज्ञात,"ब्रह्म, आत्मा, ज्ञान, ध्यान र मोक्ष",उपनिषद्,वेदान्त/श्रुति
HG0030,सुबाल उपनिषद्,सुबाल उपनिषद्,परम्परागत ऋषि/अज्ञात,"ब्रह्म, आत्मा, ज्ञान, ध्यान र मोक्ष",उपनिषद्,वेदान्त/श्रुति
HG0031,मन्त्रिक उपनिषद्,मन्त्रिक उपनिषद्,परम्परागत ऋषि/अज्ञात,"ब्रह्म, आत्मा, ज्ञान, ध्यान र मोक्ष",उपनिषद्,वेदान्त/श्रुति
HG0032,निरालम्ब उपनिषद्,निरालम्ब उपनिषद्,परम्परागत ऋषि/अज्ञात,"ब्रह्म, आत्मा, ज्ञान, ध्यान र मोक्ष",उपनिषद्,वेदान्त/श्रुति
HG0033,पैङ्गल उपनिषद्,पैङ्गल उपनिषद्,परम्परागत ऋषि/अज्ञात,"ब्रह्म, आत्मा, ज्ञान, ध्यान र मोक्ष",उपनिषद्,वेदान्त/श्रुति
HG0034,अध्यात्म उपनिषद्,अध्यात्म उपनिषद्,परम्परागत ऋषि/अज्ञात,"ब्रह्म, आत्मा, ज्ञान, ध्यान र मोक्ष",उपनिषद्,वेदान्त/श्रुति
HG0035,मण्डलब्राह्मण उपनिषद्,मण्डलब्राह्मण उपनिषद्,परम्परागत ऋषि/अज्ञात,"ब्रह्म, आत्मा, ज्ञान, ध्यान र मोक्ष",उपनिषद्,वेदान्त/श्रुति
HG0036,अद्वयतारक उपनिषद्,अद्वयतारक उपनिषद्,परम्परागत ऋषि/अज्ञात,"ब्रह्म, आत्मा, ज्ञान, ध्यान र मोक्ष",उपनिषद्,वेदान्त/श्रुति
HG0037,जाबालदर्शन उपनिषद्,जाबालदर्शन उपनिषद्,परम्परागत ऋषि/अज्ञात,"ब्रह्म, आत्मा, ज्ञान, ध्यान र मोक्ष",उपनिषद्,वेदान्त/श्रुति
HG0038,पाशुपत उपनिषद्,पाशुपत उपनिषद्,परम्परागत ऋषि/अज्ञात,"ब्रह्म, आत्मा, ज्ञान, ध्यान र मोक्ष",उपनिषद्,वेदान्त/श्रुति
HG0039,महावाक्य उपनिषद्,महावाक्य उपनिषद्,परम्परागत ऋषि/अज्ञात,"ब्रह्म, आत्मा, ज्ञान, ध्यान र मोक्ष",उपनिषद्,वेदान्त/श्रुति
HG0040,सर्वसार उपनिषद्,सर्वसार उपनिषद्,परम्परागत ऋषि/अज्ञात,"ब्रह्म, आत्मा, ज्ञान, ध्यान र मोक्ष",उपनिषद्,वेदान्त/श्रुति
HG0041,शुकरहस्य उपनिषद्,शुकरहस्य उपनिषद्,परम्परागत ऋषि/अज्ञात,"ब्रह्म, आत्मा, ज्ञान, ध्यान र मोक्ष",उपनिषद्,वेदान्त/श्रुति
HG0042,स्कन्द उपनिषद्,स्कन्द उपनिषद्,परम्परागत ऋषि/अज्ञात,"ब्रह्म, आत्मा, ज्ञान, ध्यान र मोक्ष",उपनिषद्,वेदान्त/श्रुति
HG0043,शारीरक उपनिषद्,शारीरक उपनिषद्,परम्परागत ऋषि/अज्ञात,"ब्रह्म, आत्मा, ज्ञान, ध्यान र मोक्ष",उपनिषद्,वेदान्त/श्रुति
HG0044,एकाक्षर उपनिषद्,एकाक्षर उपनिषद्,परम्परागत ऋषि/अज्ञात,"ब्रह्म, आत्मा, ज्ञान, ध्यान र मोक्ष",उपनिषद्,वेदान्त/श्रुति
HG0045,अक्षि उपनिषद्,अक्षि उपनिषद्,परम्परागत ऋषि/अज्ञात,"ब्रह्म, आत्मा, ज्ञान, ध्यान र मोक्ष",उपनिषद्,वेदान्त/श्रुति
HG0046,प्राणाग्निहोत्र उपनिषद्,प्राणाग्निहोत्र उपनिषद्,परम्परागत ऋषि/अज्ञात,"ब्रह्म, आत्मा, ज्ञान, ध्यान र मोक्ष",उपनिषद्,वेदान्त/श्रुति
HG0047,वराह उपनिषद्,वराह उपनिषद्,परम्परागत ऋषि/अज्ञात,"ब्रह्म, आत्मा, ज्ञान, ध्यान र मोक्ष",उपनिषद्,वेदान्त/श्रुति
HG0048,योगतत्त्व उपनिषद्,योगतत्त्व उपनिषद्,परम्परागत ऋषि/अज्ञात,"ब्रह्म, आत्मा, ज्ञान, ध्यान र मोक्ष",उपनिषद्,वेदान्त/श्रुति
HG0049,योगशिखा उपनिषद्,योगशिखा उपनिषद्,परम्परागत ऋषि/अज्ञात,"ब्रह्म, आत्मा, ज्ञान, ध्यान र मोक्ष",उपनिषद्,वेदान्त/श्रुति
HG0050,योगकुण्डलिनी उपनिषद्,योगकुण्डलिनी उपनिषद्,परम्परागत ऋषि/अज्ञात,"ब्रह्म, आत्मा, ज्ञान, ध्यान र मोक्ष",उपनिषद्,वेदान्त/श्रुति
HG0051,ध्यानबिन्दु उपनिषद्,ध्यानबिन्दु उपनिषद्,परम्परागत ऋषि/अज्ञात,"ब्रह्म, आत्मा, ज्ञान, ध्यान र मोक्ष",उपनिषद्,वेदान्त/श्रुति
HG0052,तेजोबिन्दु उपनिषद्,तेजोबिन्दु उपनिषद्,परम्परागत ऋषि/अज्ञात,"ब्रह्म, आत्मा, ज्ञान, ध्यान र मोक्ष",उपनिषद्,वेदान्त/श्रुति
HG0053,ब्रह्मविद्या उपनिषद्,ब्रह्मविद्या उपनिषद्,परम्परागत ऋषि/अज्ञात,"ब्रह्म, आत्मा, ज्ञान, ध्यान र मोक्ष",उपनिषद्,वेदान्त/श्रुति
HG0054,क्षुरिका उपनिषद्,क्षुरिका उपनिषद्,परम्परागत ऋषि/अज्ञात,"ब्रह्म, आत्मा, ज्ञान, ध्यान र मोक्ष",उपनिषद्,वेदान्त/श्रुति
HG0055,योगचूडामणि उपनिषद्,योगचूडामणि उपनिषद्,परम्परागत ऋषि/अज्ञात,"ब्रह्म, आत्मा, ज्ञान, ध्यान र मोक्ष",उपनिषद्,वेदान्त/श्रुति
HG0056,दर्शन उपनिषद्,दर्शन उपनिषद्,परम्परागत ऋषि/अज्ञात,"ब्रह्म, आत्मा, ज्ञान, ध्यान र मोक्ष",उपनिषद्,वेदान्त/श्रुति
HG0057,वज्रसूची उपनिषद्,वज्रसूची उपनिषद्,परम्परागत ऋषि/अज्ञात,"ब्रह्म, आत्मा, ज्ञान, ध्यान र मोक्ष",उपनिषद्,वेदान्त/श्रुति
HG0058,सावित्री उपनिषद्,सावित्री उपनिषद्,परम्परागत ऋषि/अज्ञात,"ब्रह्म, आत्मा, ज्ञान, ध्यान र मोक्ष",उपनिषद्,वेदान्त/श्रुति
HG0059,महत उपनिषद्,महत उपनिषद्,परम्परागत ऋषि/अज्ञात,"ब्रह्म, आत्मा, ज्ञान, ध्यान र मोक्ष",उपनिषद्,वेदान्त/श्रुति
HG0060,कुण्डिका उपनिषद्,कुण्डिका उपनिषद्,परम्परागत ऋषि/अज्ञात,"ब्रह्म, आत्मा, ज्ञान, ध्यान र मोक्ष",उपनिषद्,वेदान्त/श्रुति
HG0061,संन्यास उपनिषद्,संन्यास उपनिषद्,परम्परागत ऋषि/अज्ञात,"ब्रह्म, आत्मा, ज्ञान, ध्यान र मोक्ष",उपनिषद्,वेदान्त/श्रुति
HG0062,अव्यक्त उपनिषद्,अव्यक्त उपनिषद्,परम्परागत ऋषि/अज्ञात,"ब्रह्म, आत्मा, ज्ञान, ध्यान र मोक्ष",उपनिषद्,वेदान्त/श्रुति
HG0063,वासुदेव उपनिषद्,वासुदेव उपनिषद्,परम्परागत ऋषि/अज्ञात,"ब्रह्म, आत्मा, ज्ञान, ध्यान र मोक्ष",उपनिषद्,वेदान्त/श्रुति
HG0064,तारसार उपनिषद्,तारसार उपनिषद्,परम्परागत ऋषि/अज्ञात,"ब्रह्म, आत्मा, ज्ञान, ध्यान र मोक्ष",उपनिषद्,वेदान्त/श्रुति
HG0065,कलिसन्तरण उपनिषद्,कलिसन्तरण उपनिषद्,परम्परागत ऋषि/अज्ञात,"ब्रह्म, आत्मा, ज्ञान, ध्यान र मोक्ष",उपनिषद्,वेदान्त/श्रुति
HG0066,रुद्रहृदय उपनिषद्,रुद्रहृदय उपनिषद्,परम्परागत ऋषि/अज्ञात,"ब्रह्म, आत्मा, ज्ञान, ध्यान र मोक्ष",उपनिषद्,वेदान्त/श्रुति
HG0067,पञ्चब्रह्म उपनिषद्,पञ्चब्रह्म उपनिषद्,परम्परागत ऋषि/अज्ञात,"ब्रह्म, आत्मा, ज्ञान, ध्यान र मोक्ष",उपनिषद्,वेदान्त/श्रुति
HG0068,दक्षिणामूर्ति उपनिषद्,दक्षिणामूर्ति उपनिषद्,परम्परागत ऋषि/अज्ञात,"ब्रह्म, आत्मा, ज्ञान, ध्यान र मोक्ष",उपनिषद्,वेदान्त/श्रुति
HG0069,भस्मजाबाल उपनिषद्,भस्मजाबाल उपनिषद्,परम्परागत ऋषि/अज्ञात,"ब्रह्म, आत्मा, ज्ञान, ध्यान र मोक्ष",उपनिषद्,वेदान्त/श्रुति
HG0070,शरभ उपनिषद्,शरभ उपनिषद्,परम्परागत ऋषि/अज्ञात,"ब्रह्म, आत्मा, ज्ञान, ध्यान र मोक्ष",उपनिषद्,वेदान्त/श्रुति
HG0071,गणपति उपनिषद्,गणपति उपनिषद्,परम्परागत ऋषि/अज्ञात,"ब्रह्म, आत्मा, ज्ञान, ध्यान र मोक्ष",उपनिषद्,वेदान्त/श्रुति
HG0072,अन्नपूर्णा उपनिषद्,अन्नपूर्णा उपनिषद्,परम्परागत ऋषि/अज्ञात,"ब्रह्म, आत्मा, ज्ञान, ध्यान र मोक्ष",उपनिषद्,वेदान्त/श्रुति
HG0073,त्रिपुरातापिनी उपनिषद्,त्रिपुरातापिनी उपनिषद्,परम्परागत ऋषि/अज्ञात,"ब्रह्म, आत्मा, ज्ञान, ध्यान र मोक्ष",उपनिषद्,वेदान्त/श्रुति
HG0074,देवी उपनिषद्,देवी उपनिषद्,परम्परागत ऋषि/अज्ञात,"ब्रह्म, आत्मा, ज्ञान, ध्यान र मोक्ष",उपनिषद्,वेदान्त/श्रुति
HG0075,भावना उपनिषद्,भावना उपनिषद्,परम्परागत ऋषि/अज्ञात,"ब्रह्म, आत्मा, ज्ञान, ध्यान र मोक्ष",उपनिषद्,वेदान्त/श्रुति
HG0076,सीता उपनिषद्,सीता उपनिषद्,परम्परागत ऋषि/अज्ञात,"ब्रह्म, आत्मा, ज्ञान, ध्यान र मोक्ष",उपनिषद्,वेदान्त/श्रुति
HG0077,राधा उपनिषद्,राधा उपनिषद्,परम्परागत ऋषि/अज्ञात,"ब्रह्म, आत्मा, ज्ञान, ध्यान र मोक्ष",उपनिषद्,वेदान्त/श्रुति
HG0078,कृष्ण उपनिषद्,कृष्ण उपनिषद्,परम्परागत ऋषि/अज्ञात,"ब्रह्म, आत्मा, ज्ञान, ध्यान र मोक्ष",उपनिषद्,वेदान्त/श्रुति
HG0079,हयग्रीव उपनिषद्,हयग्रीव उपनिषद्,परम्परागत ऋषि/अज्ञात,"ब्रह्म, आत्मा, ज्ञान, ध्यान र मोक्ष",उपनिषद्,वेदान्त/श्रुति
HG0080,दत्तात्रेय उपनिषद्,दत्तात्रेय उपनिषद्,परम्परागत ऋषि/अज्ञात,"ब्रह्म, आत्मा, ज्ञान, ध्यान र मोक्ष",उपनिषद्,वेदान्त/श्रुति
HG0081,गरुड उपनिषद्,गरुड उपनिषद्,परम्परागत ऋषि/अज्ञात,"ब्रह्म, आत्मा, ज्ञान, ध्यान र मोक्ष",उपनिषद्,वेदान्त/श्रुति
HG0082,गोपालतापिनी उपनिषद्,गोपालतापिनी उपनिषद्,परम्परागत ऋषि/अज्ञात,"ब्रह्म, आत्मा, ज्ञान, ध्यान र मोक्ष",उपनिषद्,वेदान्त/श्रुति
HG0083,रामतापिनी उपनिषद्,रामतापिनी उपनिषद्,परम्परागत ऋषि/अज्ञात,"ब्रह्म, आत्मा, ज्ञान, ध्यान र मोक्ष",उपनिषद्,वेदान्त/श्रुति
HG0084,रामरहस्य उपनिषद्,रामरहस्य उपनिषद्,परम्परागत ऋषि/अज्ञात,"ब्रह्म, आत्मा, ज्ञान, ध्यान र मोक्ष",उपनिषद्,वेदान्त/श्रुति
HG0085,नृसिंहतापिनी उपनिषद्,नृसिंहतापिनी उपनिषद्,परम्परागत ऋषि/अज्ञात,"ब्रह्म, आत्मा, ज्ञान, ध्यान र मोक्ष",उपनिषद्,वेदान्त/श्रुति
HG0086,महानारायण उपनिषद्,महानारायण उपनिषद्,परम्परागत ऋषि/अज्ञात,"ब्रह्म, आत्मा, ज्ञान, ध्यान र मोक्ष",उपनिषद्,वेदान्त/श्रुति
HG0087,नादबिन्दु उपनिषद्,नादबिन्दु उपनिषद्,परम्परागत ऋषि/अज्ञात,"ब्रह्म, आत्मा, ज्ञान, ध्यान र मोक्ष",उपनिषद्,वेदान्त/श्रुति
HG0088,निर्वाण उपनिषद्,निर्वाण उपनिषद्,परम्परागत ऋषि/अज्ञात,"ब्रह्म, आत्मा, ज्ञान, ध्यान र मोक्ष",उपनिषद्,वेदान्त/श्रुति
HG0089,आत्मबोध उपनिषद्,आत्मबोध उपनिषद्,परम्परागत ऋषि/अज्ञात,"ब्रह्म, आत्मा, ज्ञान, ध्यान र मोक्ष",उपनिषद्,वेदान्त/श्रुति
HG0090,मुद्गल उपनिषद्,मुद्गल उपनिषद्,परम्परागत ऋषि/अज्ञात,"ब्रह्म, आत्मा, ज्ञान, ध्यान र मोक्ष",उपनिषद्,वेदान्त/श्रुति
HG0091,त्रिपुरा उपनिषद्,त्रिपुरा उपनिषद्,परम्परागत ऋषि/अज्ञात,"ब्रह्म, आत्मा, ज्ञान, ध्यान र मोक्ष",उपनिषद्,वेदान्त/श्रुति
HG0092,सौभाग्यलक्ष्मी उपनिषद्,सौभाग्यलक्ष्मी उपनिषद्,परम्परागत ऋषि/अज्ञात,"ब्रह्म, आत्मा, ज्ञान, ध्यान र मोक्ष",उपनिषद्,वेदान्त/श्रुति
HG0093,बह्वृच उपनिषद्,बह्वृच उपनिषद्,परम्परागत ऋषि/अज्ञात,"ब्रह्म, आत्मा, ज्ञान, ध्यान र मोक्ष",उपनिषद्,वेदान्त/श्रुति
HG0094,सन्ध्योपासना उपनिषद्,सन्ध्योपासना उपनिषद्,परम्परागत ऋषि/अज्ञात,"ब्रह्म, आत्मा, ज्ञान, ध्यान र मोक्ष",उपनिषद्,वेदान्त/श्रुति
HG0095,सूर्य उपनिषद्,सूर्य उपनिषद्,परम्परागत ऋषि/अज्ञात,"ब्रह्म, आत्मा, ज्ञान, ध्यान र मोक्ष",उपनिषद्,वेदान्त/श्रुति
HG0096,नारदपरिव्राजक उपनिषद्,नारदपरिव्राजक उपनिषद्,परम्परागत ऋषि/अज्ञात,"ब्रह्म, आत्मा, ज्ञान, ध्यान र मोक्ष",उपनिषद्,वेदान्त/श्रुति
HG0097,परब्रह्म उपनिषद्,परब्रह्म उपनिषद्,परम्परागत ऋषि/अज्ञात,"ब्रह्म, आत्मा, ज्ञान, ध्यान र मोक्ष",उपनिषद्,वेदान्त/श्रुति
HG0098,आश्रम उपनिषद्,आश्रम उपनिषद्,परम्परागत ऋषि/अज्ञात,"ब्रह्म, आत्मा, ज्ञान, ध्यान र मोक्ष",उपनिषद्,वेदान्त/श्रुति
HG0099,परमात्मा उपनिषद्,परमात्मा उपनिषद्,परम्परागत ऋषि/अज्ञात,"ब्रह्म, आत्मा, ज्ञान, ध्यान र मोक्ष",उपनिषद्,वेदान्त/श्रुति
HG0100,ब्रह्म पुराण,ब्रह्म पुराण,वेदव्यास परम्परा,"सृष्टि, वंश, धर्म, तीर्थ, देवता र आख्यान",महापुराण,पुराण
HG0101,पद्म पुराण,पद्म पुराण,वेदव्यास परम्परा,"सृष्टि, वंश, धर्म, तीर्थ, देवता र आख्यान",महापुराण,पुराण
HG0102,विष्णु पुराण,विष्णु पुराण,वेदव्यास परम्परा,"सृष्टि, वंश, धर्म, तीर्थ, देवता र आख्यान",महापुराण,पुराण
HG0103,शिव पुराण,शिव पुराण,वेदव्यास परम्परा,"सृष्टि, वंश, धर्म, तीर्थ, देवता र आख्यान",महापुराण,पुराण
HG0104,भागवत पुराण,भागवत पुराण,वेदव्यास परम्परा,"सृष्टि, वंश, धर्म, तीर्थ, देवता र आख्यान",महापुराण,पुराण
HG0105,नारद पुराण,नारद पुराण,वेदव्यास परम्परा,"सृष्टि, वंश, धर्म, तीर्थ, देवता र आख्यान",महापुराण,पुराण
HG0106,मार्कण्डेय पुराण,मार्कण्डेय पुराण,वेदव्यास परम्परा,"सृष्टि, वंश, धर्म, तीर्थ, देवता र आख्यान",महापुराण,पुराण
HG0107,अग्नि पुराण,अग्नि पुराण,वेदव्यास परम्परा,"सृष्टि, वंश, धर्म, तीर्थ, देवता र आख्यान",महापुराण,पुराण
HG0108,भविष्य पुराण,भविष्य पुराण,वेदव्यास परम्परा,"सृष्टि, वंश, धर्म, तीर्थ, देवता र आख्यान",महापुराण,पुराण
HG0109,ब्रह्मवैवर्त पुराण,ब्रह्मवैवर्त पुराण,वेदव्यास परम्परा,"सृष्टि, वंश, धर्म, तीर्थ, देवता र आख्यान",महापुराण,पुराण
HG0110,लिङ्ग पुराण,लिङ्ग पुराण,वेदव्यास परम्परा,"सृष्टि, वंश, धर्म, तीर्थ, देवता र आख्यान",महापुराण,पुराण
HG0111,वराह पुराण,वराह पुराण,वेदव्यास परम्परा,"सृष्टि, वंश, धर्म, तीर्थ, देवता र आख्यान",महापुराण,पुराण
HG0112,स्कन्द पुराण,स्कन्द पुराण,वेदव्यास परम्परा,"सृष्टि, वंश, धर्म, तीर्थ, देवता र आख्यान",महापुराण,पुराण
HG0113,वामन पुराण,वामन पुराण,वेदव्यास परम्परा,"सृष्टि, वंश, धर्म, तीर्थ, देवता र आख्यान",महापुराण,पुराण
HG0114,कूर्म पुराण,कूर्म पुराण,वेदव्यास परम्परा,"सृष्टि, वंश, धर्म, तीर्थ, देवता र आख्यान",महापुराण,पुराण
HG0115,मत्स्य पुराण,मत्स्य पुराण,वेदव्यास परम्परा,"सृष्टि, वंश, धर्म, तीर्थ, देवता र आख्यान",महापुराण,पुराण
HG0116,गरुड पुराण,गरुड पुराण,वेदव्यास परम्परा,"सृष्टि, वंश, धर्म, तीर्थ, देवता र आख्यान",महापुराण,पुराण
HG0117,ब्रह्माण्ड पुराण,ब्रह्माण्ड पुराण,वेदव्यास परम्परा,"सृष्टि, वंश, धर्म, तीर्थ, देवता र आख्यान",महापुराण,पुराण
HG0118,वायु पुराण,वायु पुराण,वेदव्यास परम्परा,"सृष्टि, वंश, धर्म, तीर्थ, देवता र आख्यान",महापुराण,पुराण
HG0119,सनत्कुमार पुराण,सनत्कुमार पुराण,परम्परागत/विभिन्न परम्परा,"पुराणकथा, देवता, व्रत, तीर्थ र धर्म",उपपुराण,पुराण
HG0120,नरसिंह पुराण,नरसिंह पुराण,परम्परागत/विभिन्न परम्परा,"पुराणकथा, देवता, व्रत, तीर्थ र धर्म",उपपुराण,पुराण
HG0121,नारदीय पुराण,नारदीय पुराण,परम्परागत/विभिन्न परम्परा,"पुराणकथा, देवता, व्रत, तीर्थ र धर्म",उपपुराण,पुराण
HG0122,शिवरहस्य पुराण,शिवरहस्य पुराण,परम्परागत/विभिन्न परम्परा,"पुराणकथा, देवता, व्रत, तीर्थ र धर्म",उपपुराण,पुराण
HG0123,दुर्वासा पुराण,दुर्वासा पुराण,परम्परागत/विभिन्न परम्परा,"पुराणकथा, देवता, व्रत, तीर्थ र धर्म",उपपुराण,पुराण
HG0124,कपिल पुराण,कपिल पुराण,परम्परागत/विभिन्न परम्परा,"पुराणकथा, देवता, व्रत, तीर्थ र धर्म",उपपुराण,पुराण
HG0125,मानव पुराण,मानव पुराण,परम्परागत/विभिन्न परम्परा,"पुराणकथा, देवता, व्रत, तीर्थ र धर्म",उपपुराण,पुराण
HG0126,औशनस पुराण,औशनस पुराण,परम्परागत/विभिन्न परम्परा,"पुराणकथा, देवता, व्रत, तीर्थ र धर्म",उपपुराण,पुराण
HG0127,वरुण पुराण,वरुण पुराण,परम्परागत/विभिन्न परम्परा,"पुराणकथा, देवता, व्रत, तीर्थ र धर्म",उपपुराण,पुराण
HG0128,कालिका पुराण,कालिका पुराण,परम्परागत/विभिन्न परम्परा,"पुराणकथा, देवता, व्रत, तीर्थ र धर्म",उपपुराण,पुराण
HG0129,माहेश्वर पुराण,माहेश्वर पुराण,परम्परागत/विभिन्न परम्परा,"पुराणकथा, देवता, व्रत, तीर्थ र धर्म",उपपुराण,पुराण
HG0130,साम्ब पुराण,साम्ब पुराण,परम्परागत/विभिन्न परम्परा,"पुराणकथा, देवता, व्रत, तीर्थ र धर्म",उपपुराण,पुराण
HG0131,सौर पुराण,सौर पुराण,परम्परागत/विभिन्न परम्परा,"पुराणकथा, देवता, व्रत, तीर्थ र धर्म",उपपुराण,पुराण
HG0132,पाराशर पुराण,पाराशर पुराण,परम्परागत/विभिन्न परम्परा,"पुराणकथा, देवता, व्रत, तीर्थ र धर्म",उपपुराण,पुराण
HG0133,मारीच पुराण,मारीच पुराण,परम्परागत/विभिन्न परम्परा,"पुराणकथा, देवता, व्रत, तीर्थ र धर्म",उपपुराण,पुराण
HG0134,भार्गव पुराण,भार्गव पुराण,परम्परागत/विभिन्न परम्परा,"पुराणकथा, देवता, व्रत, तीर्थ र धर्म",उपपुराण,पुराण
HG0135,देवीभागवत पुराण,देवीभागवत पुराण,परम्परागत/विभिन्न परम्परा,"पुराणकथा, देवता, व्रत, तीर्थ र धर्म",उपपुराण,पुराण
HG0136,गणेश पुराण,गणेश पुराण,परम्परागत/विभिन्न परम्परा,"पुराणकथा, देवता, व्रत, तीर्थ र धर्म",उपपुराण,पुराण
HG0137,मुद्गल पुराण,मुद्गल पुराण,परम्परागत/विभिन्न परम्परा,"पुराणकथा, देवता, व्रत, तीर्थ र धर्म",उपपुराण,पुराण
HG0138,कामिक आगम,कामिक आगम,शैव आगम परम्परा,"शैव पूजा, मन्दिर, दीक्षा, मन्त्र, योग र तत्त्व",शैव आगम,शैव
HG0139,योगज आगम,योगज आगम,शैव आगम परम्परा,"शैव पूजा, मन्दिर, दीक्षा, मन्त्र, योग र तत्त्व",शैव आगम,शैव
HG0140,चिन्त्य आगम,चिन्त्य आगम,शैव आगम परम्परा,"शैव पूजा, मन्दिर, दीक्षा, मन्त्र, योग र तत्त्व",शैव आगम,शैव
HG0141,कारण आगम,कारण आगम,शैव आगम परम्परा,"शैव पूजा, मन्दिर, दीक्षा, मन्त्र, योग र तत्त्व",शैव आगम,शैव
HG0142,अजित आगम,अजित आगम,शैव आगम परम्परा,"शैव पूजा, मन्दिर, दीक्षा, मन्त्र, योग र तत्त्व",शैव आगम,शैव
HG0143,दीप्त आगम,दीप्त आगम,शैव आगम परम्परा,"शैव पूजा, मन्दिर, दीक्षा, मन्त्र, योग र तत्त्व",शैव आगम,शैव
HG0144,सूक्ष्म आगम,सूक्ष्म आगम,शैव आगम परम्परा,"शैव पूजा, मन्दिर, दीक्षा, मन्त्र, योग र तत्त्व",शैव आगम,शैव
HG0145,सहस्र आगम,सहस्र आगम,शैव आगम परम्परा,"शैव पूजा, मन्दिर, दीक्षा, मन्त्र, योग र तत्त्व",शैव आगम,शैव
HG0146,अंशुमान आगम,अंशुमान आगम,शैव आगम परम्परा,"शैव पूजा, मन्दिर, दीक्षा, मन्त्र, योग र तत्त्व",शैव आगम,शैव
HG0147,सुप्रभेद आगम,सुप्रभेद आगम,शैव आगम परम्परा,"शैव पूजा, मन्दिर, दीक्षा, मन्त्र, योग र तत्त्व",शैव आगम,शैव
HG0148,विजय आगम,विजय आगम,शैव आगम परम्परा,"शैव पूजा, मन्दिर, दीक्षा, मन्त्र, योग र तत्त्व",शैव आगम,शैव
HG0149,निश्वास आगम,निश्वास आगम,शैव आगम परम्परा,"शैव पूजा, मन्दिर, दीक्षा, मन्त्र, योग र तत्त्व",शैव आगम,शैव
HG0150,स्वायम्भुव आगम,स्वायम्भुव आगम,शैव आगम परम्परा,"शैव पूजा, मन्दिर, दीक्षा, मन्त्र, योग र तत्त्व",शैव आगम,शैव
HG0151,आग्नेय आगम,आग्नेय आगम,शैव आगम परम्परा,"शैव पूजा, मन्दिर, दीक्षा, मन्त्र, योग र तत्त्व",शैव आगम,शैव
HG0152,वीर आगम,वीर आगम,शैव आगम परम्परा,"शैव पूजा, मन्दिर, दीक्षा, मन्त्र, योग र तत्त्व",शैव आगम,शैव
HG0153,रौरव आगम,रौरव आगम,शैव आगम परम्परा,"शैव पूजा, मन्दिर, दीक्षा, मन्त्र, योग र तत्त्व",शैव आगम,शैव
HG0154,मुकुट आगम,मुकुट आगम,शैव आगम परम्परा,"शैव पूजा, मन्दिर, दीक्षा, मन्त्र, योग र तत्त्व",शैव आगम,शैव
HG0155,विमल आगम,विमल आगम,शैव आगम परम्परा,"शैव पूजा, मन्दिर, दीक्षा, मन्त्र, योग र तत्त्व",शैव आगम,शैव
HG0156,चन्द्रज्ञान आगम,चन्द्रज्ञान आगम,शैव आगम परम्परा,"शैव पूजा, मन्दिर, दीक्षा, मन्त्र, योग र तत्त्व",शैव आगम,शैव
HG0157,मुखबिम्ब आगम,मुखबिम्ब आगम,शैव आगम परम्परा,"शैव पूजा, मन्दिर, दीक्षा, मन्त्र, योग र तत्त्व",शैव आगम,शैव
HG0158,प्रद्गीत आगम,प्रद्गीत आगम,शैव आगम परम्परा,"शैव पूजा, मन्दिर, दीक्षा, मन्त्र, योग र तत्त्व",शैव आगम,शैव
HG0159,ललित आगम,ललित आगम,शैव आगम परम्परा,"शैव पूजा, मन्दिर, दीक्षा, मन्त्र, योग र तत्त्व",शैव आगम,शैव
HG0160,सिद्ध आगम,सिद्ध आगम,शैव आगम परम्परा,"शैव पूजा, मन्दिर, दीक्षा, मन्त्र, योग र तत्त्व",शैव आगम,शैव
HG0161,सन्तान आगम,सन्तान आगम,शैव आगम परम्परा,"शैव पूजा, मन्दिर, दीक्षा, मन्त्र, योग र तत्त्व",शैव आगम,शैव
HG0162,सर्वोक्‍त आगम,सर्वोक्‍त आगम,शैव आगम परम्परा,"शैव पूजा, मन्दिर, दीक्षा, मन्त्र, योग र तत्त्व",शैव आगम,शैव
HG0163,पारमेश्वर आगम,पारमेश्वर आगम,शैव आगम परम्परा,"शैव पूजा, मन्दिर, दीक्षा, मन्त्र, योग र तत्त्व",शैव आगम,शैव
HG0164,किरण आगम,किरण आगम,शैव आगम परम्परा,"शैव पूजा, मन्दिर, दीक्षा, मन्त्र, योग र तत्त्व",शैव आगम,शैव
HG0165,वातुल आगम,वातुल आगम,शैव आगम परम्परा,"शैव पूजा, मन्दिर, दीक्षा, मन्त्र, योग र तत्त्व",शैव आगम,शैव
HG0166,अगस्त्य संहिता,अगस्त्य संहिता,पाञ्चरात्र परम्परा,"विष्णु-नारायण उपासना, मन्दिर, मन्त्र, दीक्षा र तत्त्व",पाञ्चरात्र संहिता,वैष्णव/पाञ्चरात्र
HG0167,अनिरुद्ध संहिता,अनिरुद्ध संहिता,पाञ्चरात्र परम्परा,"विष्णु-नारायण उपासना, मन्दिर, मन्त्र, दीक्षा र तत्त्व",पाञ्चरात्र संहिता,वैष्णव/पाञ्चरात्र
HG0168,अहिर्बुध्न्य संहिता,अहिर्बुध्न्य संहिता,पाञ्चरात्र परम्परा,"विष्णु-नारायण उपासना, मन्दिर, मन्त्र, दीक्षा र तत्त्व",पाञ्चरात्र संहिता,वैष्णव/पाञ्चरात्र
HG0169,ईश्वर संहिता,ईश्वर संहिता,पाञ्चरात्र परम्परा,"विष्णु-नारायण उपासना, मन्दिर, मन्त्र, दीक्षा र तत्त्व",पाञ्चरात्र संहिता,वैष्णव/पाञ्चरात्र
HG0170,कपिञ्जल संहिता,कपिञ्जल संहिता,पाञ्चरात्र परम्परा,"विष्णु-नारायण उपासना, मन्दिर, मन्त्र, दीक्षा र तत्त्व",पाञ्चरात्र संहिता,वैष्णव/पाञ्चरात्र
HG0171,काश्यप संहिता,काश्यप संहिता,पाञ्चरात्र परम्परा,"विष्णु-नारायण उपासना, मन्दिर, मन्त्र, दीक्षा र तत्त्व",पाञ्चरात्र संहिता,वैष्णव/पाञ्चरात्र
HG0172,जयाख्य संहिता,जयाख्य संहिता,पाञ्चरात्र परम्परा,"विष्णु-नारायण उपासना, मन्दिर, मन्त्र, दीक्षा र तत्त्व",पाञ्चरात्र संहिता,वैष्णव/पाञ्चरात्र
HG0173,ज्ञानामृतसार संहिता,ज्ञानामृतसार संहिता,पाञ्चरात्र परम्परा,"विष्णु-नारायण उपासना, मन्दिर, मन्त्र, दीक्षा र तत्त्व",पाञ्चरात्र संहिता,वैष्णव/पाञ्चरात्र
HG0174,नारदीय संहिता,नारदीय संहिता,पाञ्चरात्र परम्परा,"विष्णु-नारायण उपासना, मन्दिर, मन्त्र, दीक्षा र तत्त्व",पाञ्चरात्र संहिता,वैष्णव/पाञ्चरात्र
HG0175,श्रीमन्नारायण संहिता,श्रीमन्नारायण संहिता,पाञ्चरात्र परम्परा,"विष्णु-नारायण उपासना, मन्दिर, मन्त्र, दीक्षा र तत्त्व",पाञ्चरात्र संहिता,वैष्णव/पाञ्चरात्र
HG0176,परम संहिता,परम संहिता,पाञ्चरात्र परम्परा,"विष्णु-नारायण उपासना, मन्दिर, मन्त्र, दीक्षा र तत्त्व",पाञ्चरात्र संहिता,वैष्णव/पाञ्चरात्र
HG0177,परमपुरुष संहिता,परमपुरुष संहिता,पाञ्चरात्र परम्परा,"विष्णु-नारायण उपासना, मन्दिर, मन्त्र, दीक्षा र तत्त्व",पाञ्चरात्र संहिता,वैष्णव/पाञ्चरात्र
HG0178,पराशर संहिता,पराशर संहिता,पाञ्चरात्र परम्परा,"विष्णु-नारायण उपासना, मन्दिर, मन्त्र, दीक्षा र तत्त्व",पाञ्चरात्र संहिता,वैष्णव/पाञ्चरात्र
HG0179,पाद्म संहिता,पाद्म संहिता,पाञ्चरात्र परम्परा,"विष्णु-नारायण उपासना, मन्दिर, मन्त्र, दीक्षा र तत्त्व",पाञ्चरात्र संहिता,वैष्णव/पाञ्चरात्र
HG0180,पारमेश्वर संहिता,पारमेश्वर संहिता,पाञ्चरात्र परम्परा,"विष्णु-नारायण उपासना, मन्दिर, मन्त्र, दीक्षा र तत्त्व",पाञ्चरात्र संहिता,वैष्णव/पाञ्चरात्र
HG0181,पुराण संहिता,पुराण संहिता,पाञ्चरात्र परम्परा,"विष्णु-नारायण उपासना, मन्दिर, मन्त्र, दीक्षा र तत्त्व",पाञ्चरात्र संहिता,वैष्णव/पाञ्चरात्र
HG0182,पुरुषोत्तम संहिता,पुरुषोत्तम संहिता,पाञ्चरात्र परम्परा,"विष्णु-नारायण उपासना, मन्दिर, मन्त्र, दीक्षा र तत्त्व",पाञ्चरात्र संहिता,वैष्णव/पाञ्चरात्र
HG0183,पौष्कर संहिता,पौष्कर संहिता,पाञ्चरात्र परम्परा,"विष्णु-नारायण उपासना, मन्दिर, मन्त्र, दीक्षा र तत्त्व",पाञ्चरात्र संहिता,वैष्णव/पाञ्चरात्र
HG0184,बृहद्ब्रह्म संहिता,बृहद्ब्रह्म संहिता,पाञ्चरात्र परम्परा,"विष्णु-नारायण उपासना, मन्दिर, मन्त्र, दीक्षा र तत्त्व",पाञ्चरात्र संहिता,वैष्णव/पाञ्चरात्र
HG0185,ब्रह्म संहिता,ब्रह्म संहिता,पाञ्चरात्र परम्परा,"विष्णु-नारायण उपासना, मन्दिर, मन्त्र, दीक्षा र तत्त्व",पाञ्चरात्र संहिता,वैष्णव/पाञ्चरात्र
HG0186,भारद्वाज संहिता,भारद्वाज संहिता,पाञ्चरात्र परम्परा,"विष्णु-नारायण उपासना, मन्दिर, मन्त्र, दीक्षा र तत्त्व",पाञ्चरात्र संहिता,वैष्णव/पाञ्चरात्र
HG0187,भार्गव संहिता,भार्गव संहिता,पाञ्चरात्र परम्परा,"विष्णु-नारायण उपासना, मन्दिर, मन्त्र, दीक्षा र तत्त्व",पाञ्चरात्र संहिता,वैष्णव/पाञ्चरात्र
HG0188,मार्कण्डेय संहिता,मार्कण्डेय संहिता,पाञ्चरात्र परम्परा,"विष्णु-नारायण उपासना, मन्दिर, मन्त्र, दीक्षा र तत्त्व",पाञ्चरात्र संहिता,वैष्णव/पाञ्चरात्र
HG0189,माहेश्वर संहिता,माहेश्वर संहिता,पाञ्चरात्र परम्परा,"विष्णु-नारायण उपासना, मन्दिर, मन्त्र, दीक्षा र तत्त्व",पाञ्चरात्र संहिता,वैष्णव/पाञ्चरात्र
HG0190,लक्ष्मी संहिता,लक्ष्मी संहिता,पाञ्चरात्र परम्परा,"विष्णु-नारायण उपासना, मन्दिर, मन्त्र, दीक्षा र तत्त्व",पाञ्चरात्र संहिता,वैष्णव/पाञ्चरात्र
HG0191,विश्वामित्र संहिता,विश्वामित्र संहिता,पाञ्चरात्र परम्परा,"विष्णु-नारायण उपासना, मन्दिर, मन्त्र, दीक्षा र तत्त्व",पाञ्चरात्र संहिता,वैष्णव/पाञ्चरात्र
HG0192,विष्णु संहिता,विष्णु संहिता,पाञ्चरात्र परम्परा,"विष्णु-नारायण उपासना, मन्दिर, मन्त्र, दीक्षा र तत्त्व",पाञ्चरात्र संहिता,वैष्णव/पाञ्चरात्र
HG0193,विष्णुतिलक संहिता,विष्णुतिलक संहिता,पाञ्चरात्र परम्परा,"विष्णु-नारायण उपासना, मन्दिर, मन्त्र, दीक्षा र तत्त्व",पाञ्चरात्र संहिता,वैष्णव/पाञ्चरात्र
HG0194,विष्वक्सेन संहिता,विष्वक्सेन संहिता,पाञ्चरात्र परम्परा,"विष्णु-नारायण उपासना, मन्दिर, मन्त्र, दीक्षा र तत्त्व",पाञ्चरात्र संहिता,वैष्णव/पाञ्चरात्र
HG0195,शाण्डिल्य संहिता,शाण्डिल्य संहिता,पाञ्चरात्र परम्परा,"विष्णु-नारायण उपासना, मन्दिर, मन्त्र, दीक्षा र तत्त्व",पाञ्चरात्र संहिता,वैष्णव/पाञ्चरात्र
HG0196,शेष संहिता,शेष संहिता,पाञ्चरात्र परम्परा,"विष्णु-नारायण उपासना, मन्दिर, मन्त्र, दीक्षा र तत्त्व",पाञ्चरात्र संहिता,वैष्णव/पाञ्चरात्र
HG0197,श्रीप्रश्न संहिता,श्रीप्रश्न संहिता,पाञ्चरात्र परम्परा,"विष्णु-नारायण उपासना, मन्दिर, मन्त्र, दीक्षा र तत्त्व",पाञ्चरात्र संहिता,वैष्णव/पाञ्चरात्र
HG0198,सनत्कुमार संहिता,सनत्कुमार संहिता,पाञ्चरात्र परम्परा,"विष्णु-नारायण उपासना, मन्दिर, मन्त्र, दीक्षा र तत्त्व",पाञ्चरात्र संहिता,वैष्णव/पाञ्चरात्र
HG0199,सात्त्वत संहिता,सात्त्वत संहिता,पाञ्चरात्र परम्परा,"विष्णु-नारायण उपासना, मन्दिर, मन्त्र, दीक्षा र तत्त्व",पाञ्चरात्र संहिता,वैष्णव/पाञ्चरात्र
HG0200,हयशीर्ष संहिता,हयशीर्ष संहिता,पाञ्चरात्र परम्परा,"विष्णु-नारायण उपासना, मन्दिर, मन्त्र, दीक्षा र तत्त्व",पाञ्चरात्र संहिता,वैष्णव/पाञ्चरात्र
HG0201,शाश्वत संहिता,शाश्वत संहिता,पाञ्चरात्र परम्परा,"विष्णु-नारायण उपासना, मन्दिर, मन्त्र, दीक्षा र तत्त्व",पाञ्चरात्र संहिता,वैष्णव/पाञ्चरात्र
HG0202,अनन्ताख्य संहिता,अनन्ताख्य संहिता,पाञ्चरात्र परम्परा,"विष्णु-नारायण उपासना, मन्दिर, मन्त्र, दीक्षा र तत्त्व",पाञ्चरात्र संहिता,वैष्णव/पाञ्चरात्र
HG0203,आनन्द संहिता,आनन्द संहिता,पाञ्चरात्र परम्परा,"विष्णु-नारायण उपासना, मन्दिर, मन्त्र, दीक्षा र तत्त्व",पाञ्चरात्र संहिता,वैष्णव/पाञ्चरात्र
HG0204,उपेन्द्र संहिता,उपेन्द्र संहिता,पाञ्चरात्र परम्परा,"विष्णु-नारायण उपासना, मन्दिर, मन्त्र, दीक्षा र तत्त्व",पाञ्चरात्र संहिता,वैष्णव/पाञ्चरात्र
HG0205,उमा संहिता,उमा संहिता,पाञ्चरात्र परम्परा,"विष्णु-नारायण उपासना, मन्दिर, मन्त्र, दीक्षा र तत्त्व",पाञ्चरात्र संहिता,वैष्णव/पाञ्चरात्र
HG0206,औपगायन संहिता,औपगायन संहिता,पाञ्चरात्र परम्परा,"विष्णु-नारायण उपासना, मन्दिर, मन्त्र, दीक्षा र तत्त्व",पाञ्चरात्र संहिता,वैष्णव/पाञ्चरात्र
HG0207,कण्व संहिता,कण्व संहिता,पाञ्चरात्र परम्परा,"विष्णु-नारायण उपासना, मन्दिर, मन्त्र, दीक्षा र तत्त्व",पाञ्चरात्र संहिता,वैष्णव/पाञ्चरात्र
HG0208,कपिल संहिता,कपिल संहिता,पाञ्चरात्र परम्परा,"विष्णु-नारायण उपासना, मन्दिर, मन्त्र, दीक्षा र तत्त्व",पाञ्चरात्र संहिता,वैष्णव/पाञ्चरात्र
HG0209,काश्यपोत्तर संहिता,काश्यपोत्तर संहिता,पाञ्चरात्र परम्परा,"विष्णु-नारायण उपासना, मन्दिर, मन्त्र, दीक्षा र तत्त्व",पाञ्चरात्र संहिता,वैष्णव/पाञ्चरात्र
HG0210,खगप्रश्न संहिता,खगप्रश्न संहिता,पाञ्चरात्र परम्परा,"विष्णु-नारायण उपासना, मन्दिर, मन्त्र, दीक्षा र तत्त्व",पाञ्चरात्र संहिता,वैष्णव/पाञ्चरात्र
HG0211,खगेन्द्र संहिता,खगेन्द्र संहिता,पाञ्चरात्र परम्परा,"विष्णु-नारायण उपासना, मन्दिर, मन्त्र, दीक्षा र तत्त्व",पाञ्चरात्र संहिता,वैष्णव/पाञ्चरात्र
HG0212,खगेश्वर संहिता,खगेश्वर संहिता,पाञ्चरात्र परम्परा,"विष्णु-नारायण उपासना, मन्दिर, मन्त्र, दीक्षा र तत्त्व",पाञ्चरात्र संहिता,वैष्णव/पाञ्चरात्र
HG0213,गजेन्द्र संहिता,गजेन्द्र संहिता,पाञ्चरात्र परम्परा,"विष्णु-नारायण उपासना, मन्दिर, मन्त्र, दीक्षा र तत्त्व",पाञ्चरात्र संहिता,वैष्णव/पाञ्चरात्र
HG0214,गर्ग संहिता,गर्ग संहिता,पाञ्चरात्र परम्परा,"विष्णु-नारायण उपासना, मन्दिर, मन्त्र, दीक्षा र तत्त्व",पाञ्चरात्र संहिता,वैष्णव/पाञ्चरात्र
HG0215,गोविन्द संहिता,गोविन्द संहिता,पाञ्चरात्र परम्परा,"विष्णु-नारायण उपासना, मन्दिर, मन्त्र, दीक्षा र तत्त्व",पाञ्चरात्र संहिता,वैष्णव/पाञ्चरात्र
HG0216,गौतम संहिता,गौतम संहिता,पाञ्चरात्र परम्परा,"विष्णु-नारायण उपासना, मन्दिर, मन्त्र, दीक्षा र तत्त्व",पाञ्चरात्र संहिता,वैष्णव/पाञ्चरात्र
HG0217,चित्रशिखण्डी संहिता,चित्रशिखण्डी संहिता,पाञ्चरात्र परम्परा,"विष्णु-नारायण उपासना, मन्दिर, मन्त्र, दीक्षा र तत्त्व",पाञ्चरात्र संहिता,वैष्णव/पाञ्चरात्र
HG0218,जयॊत्तर संहिता,जयॊत्तर संहिता,पाञ्चरात्र परम्परा,"विष्णु-नारायण उपासना, मन्दिर, मन्त्र, दीक्षा र तत्त्व",पाञ्चरात्र संहिता,वैष्णव/पाञ्चरात्र
HG0219,नलकूबर संहिता,नलकूबर संहिता,पाञ्चरात्र परम्परा,"विष्णु-नारायण उपासना, मन्दिर, मन्त्र, दीक्षा र तत्त्व",पाञ्चरात्र संहिता,वैष्णव/पाञ्चरात्र
HG0220,पञ्चप्रश्न संहिता,पञ्चप्रश्न संहिता,पाञ्चरात्र परम्परा,"विष्णु-नारायण उपासना, मन्दिर, मन्त्र, दीक्षा र तत्त्व",पाञ्चरात्र संहिता,वैष्णव/पाञ्चरात्र
HG0221,पद्मनाभ संहिता,पद्मनाभ संहिता,पाञ्चरात्र परम्परा,"विष्णु-नारायण उपासना, मन्दिर, मन्त्र, दीक्षा र तत्त्व",पाञ्चरात्र संहिता,वैष्णव/पाञ्चरात्र
HG0222,पद्मोद्भव संहिता,पद्मोद्भव संहिता,पाञ्चरात्र परम्परा,"विष्णु-नारायण उपासना, मन्दिर, मन्त्र, दीक्षा र तत्त्व",पाञ्चरात्र संहिता,वैष्णव/पाञ्चरात्र
HG0223,परमेष्ठ्य संहिता,परमेष्ठ्य संहिता,पाञ्चरात्र परम्परा,"विष्णु-नारायण उपासना, मन्दिर, मन्त्र, दीक्षा र तत्त्व",पाञ्चरात्र संहिता,वैष्णव/पाञ्चरात्र
HG0224,पाराशर्य संहिता,पाराशर्य संहिता,पाञ्चरात्र परम्परा,"विष्णु-नारायण उपासना, मन्दिर, मन्त्र, दीक्षा र तत्त्व",पाञ्चरात्र संहिता,वैष्णव/पाञ्चरात्र
HG0225,पूर्ण संहिता,पूर्ण संहिता,पाञ्चरात्र परम्परा,"विष्णु-नारायण उपासना, मन्दिर, मन्त्र, दीक्षा र तत्त्व",पाञ्चरात्र संहिता,वैष्णव/पाञ्चरात्र
HG0226,प्रद्युम्न संहिता,प्रद्युम्न संहिता,पाञ्चरात्र परम्परा,"विष्णु-नारायण उपासना, मन्दिर, मन्त्र, दीक्षा र तत्त्व",पाञ्चरात्र संहिता,वैष्णव/पाञ्चरात्र
HG0227,प्रह्लाद संहिता,प्रह्लाद संहिता,पाञ्चरात्र परम्परा,"विष्णु-नारायण उपासना, मन्दिर, मन्त्र, दीक्षा र तत्त्व",पाञ्चरात्र संहिता,वैष्णव/पाञ्चरात्र
HG0228,बलपौष्कर संहिता,बलपौष्कर संहिता,पाञ्चरात्र परम्परा,"विष्णु-नारायण उपासना, मन्दिर, मन्त्र, दीक्षा र तत्त्व",पाञ्चरात्र संहिता,वैष्णव/पाञ्चरात्र
HG0229,बृहस्पति संहिता,बृहस्पति संहिता,पाञ्चरात्र परम्परा,"विष्णु-नारायण उपासना, मन्दिर, मन्त्र, दीक्षा र तत्त्व",पाञ्चरात्र संहिता,वैष्णव/पाञ्चरात्र
HG0230,महालक्ष्मी संहिता,महालक्ष्मी संहिता,पाञ्चरात्र परम्परा,"विष्णु-नारायण उपासना, मन्दिर, मन्त्र, दीक्षा र तत्त्व",पाञ्चरात्र संहिता,वैष्णव/पाञ्चरात्र
HG0231,मायावैभव संहिता,मायावैभव संहिता,पाञ्चरात्र परम्परा,"विष्णु-नारायण उपासना, मन्दिर, मन्त्र, दीक्षा र तत्त्व",पाञ्चरात्र संहिता,वैष्णव/पाञ्चरात्र
HG0232,वराह संहिता,वराह संहिता,पाञ्चरात्र परम्परा,"विष्णु-नारायण उपासना, मन्दिर, मन्त्र, दीक्षा र तत्त्व",पाञ्चरात्र संहिता,वैष्णव/पाञ्चरात्र
HG0233,वामन संहिता,वामन संहिता,पाञ्चरात्र परम्परा,"विष्णु-नारायण उपासना, मन्दिर, मन्त्र, दीक्षा र तत्त्व",पाञ्चरात्र संहिता,वैष्णव/पाञ्चरात्र
HG0234,वायु संहिता,वायु संहिता,पाञ्चरात्र परम्परा,"विष्णु-नारायण उपासना, मन्दिर, मन्त्र, दीक्षा र तत्त्व",पाञ्चरात्र संहिता,वैष्णव/पाञ्चरात्र
HG0235,वसिष्ठ संहिता,वसिष्ठ संहिता,पाञ्चरात्र परम्परा,"विष्णु-नारायण उपासना, मन्दिर, मन्त्र, दीक्षा र तत्त्व",पाञ्चरात्र संहिता,वैष्णव/पाञ्चरात्र
HG0236,वासुदेव संहिता,वासुदेव संहिता,पाञ्चरात्र परम्परा,"विष्णु-नारायण उपासना, मन्दिर, मन्त्र, दीक्षा र तत्त्व",पाञ्चरात्र संहिता,वैष्णव/पाञ्चरात्र
HG0237,विश्व संहिता,विश्व संहिता,पाञ्चरात्र परम्परा,"विष्णु-नारायण उपासना, मन्दिर, मन्त्र, दीक्षा र तत्त्व",पाञ्चरात्र संहिता,वैष्णव/पाञ्चरात्र
HG0238,विश्वेश्वर संहिता,विश्वेश्वर संहिता,पाञ्चरात्र परम्परा,"विष्णु-नारायण उपासना, मन्दिर, मन्त्र, दीक्षा र तत्त्व",पाञ्चरात्र संहिता,वैष्णव/पाञ्चरात्र
HG0239,विष्णुतत्त्व संहिता,विष्णुतत्त्व संहिता,पाञ्चरात्र परम्परा,"विष्णु-नारायण उपासना, मन्दिर, मन्त्र, दीक्षा र तत्त्व",पाञ्चरात्र संहिता,वैष्णव/पाञ्चरात्र
HG0240,विष्णुमन्दिर संहिता,विष्णुमन्दिर संहिता,पाञ्चरात्र परम्परा,"विष्णु-नारायण उपासना, मन्दिर, मन्त्र, दीक्षा र तत्त्व",पाञ्चरात्र संहिता,वैष्णव/पाञ्चरात्र
HG0241,विष्णुरहस्य संहिता,विष्णुरहस्य संहिता,पाञ्चरात्र परम्परा,"विष्णु-नारायण उपासना, मन्दिर, मन्त्र, दीक्षा र तत्त्व",पाञ्चरात्र संहिता,वैष्णव/पाञ्चरात्र
HG0242,विष्णुसिद्धान्त संहिता,विष्णुसिद्धान्त संहिता,पाञ्चरात्र परम्परा,"विष्णु-नारायण उपासना, मन्दिर, मन्त्र, दीक्षा र तत्त्व",पाञ्चरात्र संहिता,वैष्णव/पाञ्चरात्र
HG0243,विहगेन्द्र संहिता,विहगेन्द्र संहिता,पाञ्चरात्र परम्परा,"विष्णु-नारायण उपासना, मन्दिर, मन्त्र, दीक्षा र तत्त्व",पाञ्चरात्र संहिता,वैष्णव/पाञ्चरात्र
HG0244,विहगेश्वर संहिता,विहगेश्वर संहिता,पाञ्चरात्र परम्परा,"विष्णु-नारायण उपासना, मन्दिर, मन्त्र, दीक्षा र तत्त्व",पाञ्चरात्र संहिता,वैष्णव/पाञ्चरात्र
HG0245,वृद्धपाद्म संहिता,वृद्धपाद्म संहिता,पाञ्चरात्र परम्परा,"विष्णु-नारायण उपासना, मन्दिर, मन्त्र, दीक्षा र तत्त्व",पाञ्चरात्र संहिता,वैष्णव/पाञ्चरात्र
HG0246,वैहायसी संहिता,वैहायसी संहिता,पाञ्चरात्र परम्परा,"विष्णु-नारायण उपासना, मन्दिर, मन्त्र, दीक्षा र तत्त्व",पाञ्चरात्र संहिता,वैष्णव/पाञ्चरात्र
HG0247,व्यास संहिता,व्यास संहिता,पाञ्चरात्र परम्परा,"विष्णु-नारायण उपासना, मन्दिर, मन्त्र, दीक्षा र तत्त्व",पाञ्चरात्र संहिता,वैष्णव/पाञ्चरात्र
HG0248,शुकप्रश्न संहिता,शुकप्रश्न संहिता,पाञ्चरात्र परम्परा,"विष्णु-नारायण उपासना, मन्दिर, मन्त्र, दीक्षा र तत्त्व",पाञ्चरात्र संहिता,वैष्णव/पाञ्चरात्र
HG0249,शौनक संहिता,शौनक संहिता,पाञ्चरात्र परम्परा,"विष्णु-नारायण उपासना, मन्दिर, मन्त्र, दीक्षा र तत्त्व",पाञ्चरात्र संहिता,वैष्णव/पाञ्चरात्र
HG0250,शौनकी संहिता,शौनकी संहिता,पाञ्चरात्र परम्परा,"विष्णु-नारायण उपासना, मन्दिर, मन्त्र, दीक्षा र तत्त्व",पाञ्चरात्र संहिता,वैष्णव/पाञ्चरात्र
HG0251,श्रीकालपरा संहिता,श्रीकालपरा संहिता,पाञ्चरात्र परम्परा,"विष्णु-नारायण उपासना, मन्दिर, मन्त्र, दीक्षा र तत्त्व",पाञ्चरात्र संहिता,वैष्णव/पाञ्चरात्र
HG0252,श्रीधर संहिता,श्रीधर संहिता,पाञ्चरात्र परम्परा,"विष्णु-नारायण उपासना, मन्दिर, मन्त्र, दीक्षा र तत्त्व",पाञ्चरात्र संहिता,वैष्णव/पाञ्चरात्र
HG0253,सङ्कर्षण संहिता,सङ्कर्षण संहिता,पाञ्चरात्र परम्परा,"विष्णु-नारायण उपासना, मन्दिर, मन्त्र, दीक्षा र तत्त्व",पाञ्चरात्र संहिता,वैष्णव/पाञ्चरात्र
HG0254,सनक संहिता,सनक संहिता,पाञ्चरात्र परम्परा,"विष्णु-नारायण उपासना, मन्दिर, मन्त्र, दीक्षा र तत्त्व",पाञ्चरात्र संहिता,वैष्णव/पाञ्चरात्र
HG0255,सनत संहिता,सनत संहिता,पाञ्चरात्र परम्परा,"विष्णु-नारायण उपासना, मन्दिर, मन्त्र, दीक्षा र तत्त्व",पाञ्चरात्र संहिता,वैष्णव/पाञ्चरात्र
HG0256,सनन्द संहिता,सनन्द संहिता,पाञ्चरात्र परम्परा,"विष्णु-नारायण उपासना, मन्दिर, मन्त्र, दीक्षा र तत्त्व",पाञ्चरात्र संहिता,वैष्णव/पाञ्चरात्र
HG0257,सात्यकि संहिता,सात्यकि संहिता,पाञ्चरात्र परम्परा,"विष्णु-नारायण उपासना, मन्दिर, मन्त्र, दीक्षा र तत्त्व",पाञ्चरात्र संहिता,वैष्णव/पाञ्चरात्र
HG0258,सारसमुच्चय संहिता,सारसमुच्चय संहिता,पाञ्चरात्र परम्परा,"विष्णु-नारायण उपासना, मन्दिर, मन्त्र, दीक्षा र तत्त्व",पाञ्चरात्र संहिता,वैष्णव/पाञ्चरात्र
HG0259,साम्वर्त संहिता,साम्वर्त संहिता,पाञ्चरात्र परम्परा,"विष्णु-नारायण उपासना, मन्दिर, मन्त्र, दीक्षा र तत्त्व",पाञ्चरात्र संहिता,वैष्णव/पाञ्चरात्र
HG0260,सुधर्शन संहिता,सुधर्शन संहिता,पाञ्चरात्र परम्परा,"विष्णु-नारायण उपासना, मन्दिर, मन्त्र, दीक्षा र तत्त्व",पाञ्चरात्र संहिता,वैष्णव/पाञ्चरात्र
HG0261,सुपर्णप्रश्न संहिता,सुपर्णप्रश्न संहिता,पाञ्चरात्र परम्परा,"विष्णु-नारायण उपासना, मन्दिर, मन्त्र, दीक्षा र तत्त्व",पाञ्चरात्र संहिता,वैष्णव/पाञ्चरात्र
HG0262,हयग्रीव संहिता,हयग्रीव संहिता,पाञ्चरात्र परम्परा,"विष्णु-नारायण उपासना, मन्दिर, मन्त्र, दीक्षा र तत्त्व",पाञ्चरात्र संहिता,वैष्णव/पाञ्चरात्र
HG0263,हंसपारमेश्वर संहिता,हंसपारमेश्वर संहिता,पाञ्चरात्र परम्परा,"विष्णु-नारायण उपासना, मन्दिर, मन्त्र, दीक्षा र तत्त्व",पाञ्चरात्र संहिता,वैष्णव/पाञ्चरात्र
HG0264,हिरण्यगर्भ संहिता,हिरण्यगर्भ संहिता,पाञ्चरात्र परम्परा,"विष्णु-नारायण उपासना, मन्दिर, मन्त्र, दीक्षा र तत्त्व",पाञ्चरात्र संहिता,वैष्णव/पाञ्चरात्र
HG0265,मनुस्मृति,मनुस्मृति,सम्बन्धित ऋषि/परम्परा,"धर्म, आचार, संस्कार, सामाजिक नियम र राजधर्म",धर्मशास्त्र/धर्मसूत्र,धर्मशास्त्र
HG0266,याज्ञवल्क्यस्मृति,याज्ञवल्क्यस्मृति,सम्बन्धित ऋषि/परम्परा,"धर्म, आचार, संस्कार, सामाजिक नियम र राजधर्म",धर्मशास्त्र/धर्मसूत्र,धर्मशास्त्र
HG0267,नारदस्मृति,नारदस्मृति,सम्बन्धित ऋषि/परम्परा,"धर्म, आचार, संस्कार, सामाजिक नियम र राजधर्म",धर्मशास्त्र/धर्मसूत्र,धर्मशास्त्र
HG0268,विष्णुस्मृति,विष्णुस्मृति,सम्बन्धित ऋषि/परम्परा,"धर्म, आचार, संस्कार, सामाजिक नियम र राजधर्म",धर्मशास्त्र/धर्मसूत्र,धर्मशास्त्र
HG0269,पराशरस्मृति,पराशरस्मृति,सम्बन्धित ऋषि/परम्परा,"धर्म, आचार, संस्कार, सामाजिक नियम र राजधर्म",धर्मशास्त्र/धर्मसूत्र,धर्मशास्त्र
HG0270,बृहस्पतिस्मृति,बृहस्पतिस्मृति,सम्बन्धित ऋषि/परम्परा,"धर्म, आचार, संस्कार, सामाजिक नियम र राजधर्म",धर्मशास्त्र/धर्मसूत्र,धर्मशास्त्र
HG0271,कात्यायनस्मृति,कात्यायनस्मृति,सम्बन्धित ऋषि/परम्परा,"धर्म, आचार, संस्कार, सामाजिक नियम र राजधर्म",धर्मशास्त्र/धर्मसूत्र,धर्मशास्त्र
HG0272,दक्षस्मृति,दक्षस्मृति,सम्बन्धित ऋषि/परम्परा,"धर्म, आचार, संस्कार, सामाजिक नियम र राजधर्म",धर्मशास्त्र/धर्मसूत्र,धर्मशास्त्र
HG0273,अत्रिस्मृति,अत्रिस्मृति,सम्बन्धित ऋषि/परम्परा,"धर्म, आचार, संस्कार, सामाजिक नियम र राजधर्म",धर्मशास्त्र/धर्मसूत्र,धर्मशास्त्र
HG0274,हारीतस्मृति,हारीतस्मृति,सम्बन्धित ऋषि/परम्परा,"धर्म, आचार, संस्कार, सामाजिक नियम र राजधर्म",धर्मशास्त्र/धर्मसूत्र,धर्मशास्त्र
HG0275,यमस्मृति,यमस्मृति,सम्बन्धित ऋषि/परम्परा,"धर्म, आचार, संस्कार, सामाजिक नियम र राजधर्म",धर्मशास्त्र/धर्मसूत्र,धर्मशास्त्र
HG0276,अंगिरसस्मृति,अंगिरसस्मृति,सम्बन्धित ऋषि/परम्परा,"धर्म, आचार, संस्कार, सामाजिक नियम र राजधर्म",धर्मशास्त्र/धर्मसूत्र,धर्मशास्त्र
HG0277,व्यासस्मृति,व्यासस्मृति,सम्बन्धित ऋषि/परम्परा,"धर्म, आचार, संस्कार, सामाजिक नियम र राजधर्म",धर्मशास्त्र/धर्मसूत्र,धर्मशास्त्र
HG0278,शंखस्मृति,शंखस्मृति,सम्बन्धित ऋषि/परम्परा,"धर्म, आचार, संस्कार, सामाजिक नियम र राजधर्म",धर्मशास्त्र/धर्मसूत्र,धर्मशास्त्र
HG0279,लिखितस्मृति,लिखितस्मृति,सम्बन्धित ऋषि/परम्परा,"धर्म, आचार, संस्कार, सामाजिक नियम र राजधर्म",धर्मशास्त्र/धर्मसूत्र,धर्मशास्त्र
HG0280,उशनस्मृति,उशनस्मृति,सम्बन्धित ऋषि/परम्परा,"धर्म, आचार, संस्कार, सामाजिक नियम र राजधर्म",धर्मशास्त्र/धर्मसूत्र,धर्मशास्त्र
HG0281,प्रजापतिस्मृति,प्रजापतिस्मृति,सम्बन्धित ऋषि/परम्परा,"धर्म, आचार, संस्कार, सामाजिक नियम र राजधर्म",धर्मशास्त्र/धर्मसूत्र,धर्मशास्त्र
HG0282,गौतमधर्मसूत्र,गौतमधर्मसूत्र,सम्बन्धित ऋषि/परम्परा,"धर्म, आचार, संस्कार, सामाजिक नियम र राजधर्म",धर्मशास्त्र/धर्मसूत्र,धर्मशास्त्र
HG0283,आपस्तम्बधर्मसूत्र,आपस्तम्बधर्मसूत्र,सम्बन्धित ऋषि/परम्परा,"धर्म, आचार, संस्कार, सामाजिक नियम र राजधर्म",धर्मशास्त्र/धर्मसूत्र,धर्मशास्त्र
HG0284,बौधायनधर्मसूत्र,बौधायनधर्मसूत्र,सम्बन्धित ऋषि/परम्परा,"धर्म, आचार, संस्कार, सामाजिक नियम र राजधर्म",धर्मशास्त्र/धर्मसूत्र,धर्मशास्त्र
HG0285,वसिष्ठधर्मसूत्र,वसिष्ठधर्मसूत्र,सम्बन्धित ऋषि/परम्परा,"धर्म, आचार, संस्कार, सामाजिक नियम र राजधर्म",धर्मशास्त्र/धर्मसूत्र,धर्मशास्त्र
HG0286,विष्णुधर्मसूत्र,विष्णुधर्मसूत्र,सम्बन्धित ऋषि/परम्परा,"धर्म, आचार, संस्कार, सामाजिक नियम र राजधर्म",धर्मशास्त्र/धर्मसूत्र,धर्मशास्त्र
HG0287,हिरण्यकेशिधर्मसूत्र,हिरण्यकेशिधर्मसूत्र,सम्बन्धित ऋषि/परम्परा,"धर्म, आचार, संस्कार, सामाजिक नियम र राजधर्म",धर्मशास्त्र/धर्मसूत्र,धर्मशास्त्र
HG0288,वैखानसधर्मसूत्र,वैखानसधर्मसूत्र,सम्बन्धित ऋषि/परम्परा,"धर्म, आचार, संस्कार, सामाजिक नियम र राजधर्म",धर्मशास्त्र/धर्मसूत्र,धर्मशास्त्र
HG0289,ब्रह्मसूत्र,ब्रह्मसूत्र,विभिन्न आचार्य/ऋषि,"दर्शन, तर्क, ब्रह्मविद्या, आत्मज्ञान र मोक्ष",दर्शनग्रन्थ,दर्शन
HG0290,सांख्यकारिका,सांख्यकारिका,विभिन्न आचार्य/ऋषि,"दर्शन, तर्क, ब्रह्मविद्या, आत्मज्ञान र मोक्ष",दर्शनग्रन्थ,दर्शन
HG0291,सांख्यसूत्र,सांख्यसूत्र,विभिन्न आचार्य/ऋषि,"दर्शन, तर्क, ब्रह्मविद्या, आत्मज्ञान र मोक्ष",दर्शनग्रन्थ,दर्शन
HG0292,योगसूत्र,योगसूत्र,विभिन्न आचार्य/ऋषि,"दर्शन, तर्क, ब्रह्मविद्या, आत्मज्ञान र मोक्ष",दर्शनग्रन्थ,दर्शन
HG0293,न्यायसूत्र,न्यायसूत्र,विभिन्न आचार्य/ऋषि,"दर्शन, तर्क, ब्रह्मविद्या, आत्मज्ञान र मोक्ष",दर्शनग्रन्थ,दर्शन
HG0294,वैशेषिकसूत्र,वैशेषिकसूत्र,विभिन्न आचार्य/ऋषि,"दर्शन, तर्क, ब्रह्मविद्या, आत्मज्ञान र मोक्ष",दर्शनग्रन्थ,दर्शन
HG0295,पूर्वमीमांसा,पूर्वमीमांसा,विभिन्न आचार्य/ऋषि,"दर्शन, तर्क, ब्रह्मविद्या, आत्मज्ञान र मोक्ष",दर्शनग्रन्थ,दर्शन
HG0296,सूत्र,सूत्र,विभिन्न आचार्य/ऋषि,"दर्शन, तर्क, ब्रह्मविद्या, आत्मज्ञान र मोक्ष",दर्शनग्रन्थ,दर्शन
HG0297,मीमांसासूत्र,मीमांसासूत्र,विभिन्न आचार्य/ऋषि,"दर्शन, तर्क, ब्रह्मविद्या, आत्मज्ञान र मोक्ष",दर्शनग्रन्थ,दर्शन
HG0298,तत्त्वचिन्तामणि,तत्त्वचिन्तामणि,विभिन्न आचार्य/ऋषि,"दर्शन, तर्क, ब्रह्मविद्या, आत्मज्ञान र मोक्ष",दर्शनग्रन्थ,दर्शन
HG0299,न्यायमञ्जरी,न्यायमञ्जरी,विभिन्न आचार्य/ऋषि,"दर्शन, तर्क, ब्रह्मविद्या, आत्मज्ञान र मोक्ष",दर्शनग्रन्थ,दर्शन
HG0300,न्यायवार्तिक,न्यायवार्तिक,विभिन्न आचार्य/ऋषि,"दर्शन, तर्क, ब्रह्मविद्या, आत्मज्ञान र मोक्ष",दर्शनग्रन्थ,दर्शन
HG0301,न्यायभाष्य,न्यायभाष्य,विभिन्न आचार्य/ऋषि,"दर्शन, तर्क, ब्रह्मविद्या, आत्मज्ञान र मोक्ष",दर्शनग्रन्थ,दर्शन
HG0302,न्यायसूत्रवृत्ति,न्यायसूत्रवृत्ति,विभिन्न आचार्य/ऋषि,"दर्शन, तर्क, ब्रह्मविद्या, आत्मज्ञान र मोक्ष",दर्शनग्रन्थ,दर्शन
HG0303,तर्कसंग्रह,तर्कसंग्रह,विभिन्न आचार्य/ऋषि,"दर्शन, तर्क, ब्रह्मविद्या, आत्मज्ञान र मोक्ष",दर्शनग्रन्थ,दर्शन
HG0304,तर्कभाषा,तर्कभाषा,विभिन्न आचार्य/ऋषि,"दर्शन, तर्क, ब्रह्मविद्या, आत्मज्ञान र मोक्ष",दर्शनग्रन्थ,दर्शन
HG0305,तर्कदीपिका,तर्कदीपिका,विभिन्न आचार्य/ऋषि,"दर्शन, तर्क, ब्रह्मविद्या, आत्मज्ञान र मोक्ष",दर्शनग्रन्थ,दर्शन
HG0306,श्लोकवार्तिक,श्लोकवार्तिक,विभिन्न आचार्य/ऋषि,"दर्शन, तर्क, ब्रह्मविद्या, आत्मज्ञान र मोक्ष",दर्शनग्रन्थ,दर्शन
HG0307,बृहती,बृहती,विभिन्न आचार्य/ऋषि,"दर्शन, तर्क, ब्रह्मविद्या, आत्मज्ञान र मोक्ष",दर्शनग्रन्थ,दर्शन
HG0308,तन्त्रवार्तिक,तन्त्रवार्तिक,विभिन्न आचार्य/ऋषि,"दर्शन, तर्क, ब्रह्मविद्या, आत्मज्ञान र मोक्ष",दर्शनग्रन्थ,दर्शन
HG0309,भट्टदीपिका,भट्टदीपिका,विभिन्न आचार्य/ऋषि,"दर्शन, तर्क, ब्रह्मविद्या, आत्मज्ञान र मोक्ष",दर्शनग्रन्थ,दर्शन
HG0310,शास्त्रदीपिका,शास्त्रदीपिका,विभिन्न आचार्य/ऋषि,"दर्शन, तर्क, ब्रह्मविद्या, आत्मज्ञान र मोक्ष",दर्शनग्रन्थ,दर्शन
HG0311,वेदान्तसार,वेदान्तसार,विभिन्न आचार्य/ऋषि,"दर्शन, तर्क, ब्रह्मविद्या, आत्मज्ञान र मोक्ष",दर्शनग्रन्थ,दर्शन
HG0312,वेदान्तपरिभाषा,वेदान्तपरिभाषा,विभिन्न आचार्य/ऋषि,"दर्शन, तर्क, ब्रह्मविद्या, आत्मज्ञान र मोक्ष",दर्शनग्रन्थ,दर्शन
HG0313,वेदान्तकल्पतरु,वेदान्तकल्पतरु,विभिन्न आचार्य/ऋषि,"दर्शन, तर्क, ब्रह्मविद्या, आत्मज्ञान र मोक्ष",दर्शनग्रन्थ,दर्शन
HG0314,अद्वैतसिद्धि,अद्वैतसिद्धि,विभिन्न आचार्य/ऋषि,"दर्शन, तर्क, ब्रह्मविद्या, आत्मज्ञान र मोक्ष",दर्शनग्रन्थ,दर्शन
HG0315,पञ्चदशी,पञ्चदशी,विभिन्न आचार्य/ऋषि,"दर्शन, तर्क, ब्रह्मविद्या, आत्मज्ञान र मोक्ष",दर्शनग्रन्थ,दर्शन
HG0316,उपदेशसाहस्री,उपदेशसाहस्री,विभिन्न आचार्य/ऋषि,"दर्शन, तर्क, ब्रह्मविद्या, आत्मज्ञान र मोक्ष",दर्शनग्रन्थ,दर्शन
HG0317,आत्मबोध,आत्मबोध,विभिन्न आचार्य/ऋषि,"दर्शन, तर्क, ब्रह्मविद्या, आत्मज्ञान र मोक्ष",दर्शनग्रन्थ,दर्शन
HG0318,विवेकचूडामणि,विवेकचूडामणि,विभिन्न आचार्य/ऋषि,"दर्शन, तर्क, ब्रह्मविद्या, आत्मज्ञान र मोक्ष",दर्शनग्रन्थ,दर्शन
HG0319,अपरोक्षानुभूति,अपरोक्षानुभूति,विभिन्न आचार्य/ऋषि,"दर्शन, तर्क, ब्रह्मविद्या, आत्मज्ञान र मोक्ष",दर्शनग्रन्थ,दर्शन
HG0320,आत्मानात्मविवेक,आत्मानात्मविवेक,विभिन्न आचार्य/ऋषि,"दर्शन, तर्क, ब्रह्मविद्या, आत्मज्ञान र मोक्ष",दर्शनग्रन्थ,दर्शन
HG0321,दृग्दृश्यविवेक,दृग्दृश्यविवेक,विभिन्न आचार्य/ऋषि,"दर्शन, तर्क, ब्रह्मविद्या, आत्मज्ञान र मोक्ष",दर्शनग्रन्थ,दर्शन
HG0322,माण्डूक्यकारिका,माण्डूक्यकारिका,विभिन्न आचार्य/ऋषि,"दर्शन, तर्क, ब्रह्मविद्या, आत्मज्ञान र मोक्ष",दर्शनग्रन्थ,दर्शन
HG0323,उपदेशामृत,उपदेशामृत,विभिन्न आचार्य/ऋषि,"दर्शन, तर्क, ब्रह्मविद्या, आत्मज्ञान र मोक्ष",दर्शनग्रन्थ,दर्शन
HG0324,ब्रह्मज्ञानावली,ब्रह्मज्ञानावली,विभिन्न आचार्य/ऋषि,"दर्शन, तर्क, ब्रह्मविद्या, आत्मज्ञान र मोक्ष",दर्शनग्रन्थ,दर्शन
HG0325,सिद्धान्तलेशसंग्रह,सिद्धान्तलेशसंग्रह,विभिन्न आचार्य/ऋषि,"दर्शन, तर्क, ब्रह्मविद्या, आत्मज्ञान र मोक्ष",दर्शनग्रन्थ,दर्शन
HG0326,नैष्कर्म्यसिद्धि,नैष्कर्म्यसिद्धि,विभिन्न आचार्य/ऋषि,"दर्शन, तर्क, ब्रह्मविद्या, आत्मज्ञान र मोक्ष",दर्शनग्रन्थ,दर्शन
HG0327,खण्डनखण्डखाद्य,खण्डनखण्डखाद्य,विभिन्न आचार्य/ऋषि,"दर्शन, तर्क, ब्रह्मविद्या, आत्मज्ञान र मोक्ष",दर्शनग्रन्थ,दर्शन
HG0328,तत्त्वबोध,तत्त्वबोध,विभिन्न आचार्य/ऋषि,"दर्शन, तर्क, ब्रह्मविद्या, आत्मज्ञान र मोक्ष",दर्शनग्रन्थ,दर्शन
HG0329,सारदर्शनसंग्रह,सारदर्शनसंग्रह,विभिन्न आचार्य/ऋषि,"दर्शन, तर्क, ब्रह्मविद्या, आत्मज्ञान र मोक्ष",दर्शनग्रन्थ,दर्शन
HG0330,सर्वदर्शनसंग्रह,सर्वदर्शनसंग्रह,विभिन्न आचार्य/ऋषि,"दर्शन, तर्क, ब्रह्मविद्या, आत्मज्ञान र मोक्ष",दर्शनग्रन्थ,दर्शन
HG0331,वेदार्थसंग्रह,वेदार्थसंग्रह,विभिन्न आचार्य/ऋषि,"दर्शन, तर्क, ब्रह्मविद्या, आत्मज्ञान र मोक्ष",दर्शनग्रन्थ,दर्शन
HG0332,श्रीभाष्य,श्रीभाष्य,विभिन्न आचार्य/ऋषि,"दर्शन, तर्क, ब्रह्मविद्या, आत्मज्ञान र मोक्ष",दर्शनग्रन्थ,दर्शन
HG0333,वेदान्तदीप,वेदान्तदीप,विभिन्न आचार्य/ऋषि,"दर्शन, तर्क, ब्रह्मविद्या, आत्मज्ञान र मोक्ष",दर्शनग्रन्थ,दर्शन
HG0334,वेदान्तसारसंग्रह,वेदान्तसारसंग्रह,विभिन्न आचार्य/ऋषि,"दर्शन, तर्क, ब्रह्मविद्या, आत्मज्ञान र मोक्ष",दर्शनग्रन्थ,दर्शन
HG0335,तत्त्वत्रय,तत्त्वत्रय,विभिन्न आचार्य/ऋषि,"दर्शन, तर्क, ब्रह्मविद्या, आत्मज्ञान र मोक्ष",दर्शनग्रन्थ,दर्शन
HG0336,गद्यत्रय,गद्यत्रय,विभिन्न आचार्य/ऋषि,"दर्शन, तर्क, ब्रह्मविद्या, आत्मज्ञान र मोक्ष",दर्शनग्रन्थ,दर्शन
HG0337,शरणागतिगद्य,शरणागतिगद्य,विभिन्न आचार्य/ऋषि,"दर्शन, तर्क, ब्रह्मविद्या, आत्मज्ञान र मोक्ष",दर्शनग्रन्थ,दर्शन
HG0338,वैकुण्ठगद्य,वैकुण्ठगद्य,विभिन्न आचार्य/ऋषि,"दर्शन, तर्क, ब्रह्मविद्या, आत्मज्ञान र मोक्ष",दर्शनग्रन्थ,दर्शन
HG0339,सिद्धित्रय,सिद्धित्रय,विभिन्न आचार्य/ऋषि,"दर्शन, तर्क, ब्रह्मविद्या, आत्मज्ञान र मोक्ष",दर्शनग्रन्थ,दर्शन
HG0340,आगमप्रामाण्य,आगमप्रामाण्य,विभिन्न आचार्य/ऋषि,"दर्शन, तर्क, ब्रह्मविद्या, आत्मज्ञान र मोक्ष",दर्शनग्रन्थ,दर्शन
HG0341,गीतार्थसंग्रह,गीतार्थसंग्रह,विभिन्न आचार्य/ऋषि,"दर्शन, तर्क, ब्रह्मविद्या, आत्मज्ञान र मोक्ष",दर्शनग्रन्थ,दर्शन
HG0342,यतीन्द्रमतदीपिका,यतीन्द्रमतदीपिका,विभिन्न आचार्य/ऋषि,"दर्शन, तर्क, ब्रह्मविद्या, आत्मज्ञान र मोक्ष",दर्शनग्रन्थ,दर्शन
HG0343,परमतभङ्ग,परमतभङ्ग,विभिन्न आचार्य/ऋषि,"दर्शन, तर्क, ब्रह्मविद्या, आत्मज्ञान र मोक्ष",दर्शनग्रन्थ,दर्शन
HG0344,नवनीतसंग्रह,नवनीतसंग्रह,विभिन्न आचार्य/ऋषि,"दर्शन, तर्क, ब्रह्मविद्या, आत्मज्ञान र मोक्ष",दर्शनग्रन्थ,दर्शन
HG0345,संवित्सिद्धि,संवित्सिद्धि,विभिन्न आचार्य/ऋषि,"दर्शन, तर्क, ब्रह्मविद्या, आत्मज्ञान र मोक्ष",दर्शनग्रन्थ,दर्शन
HG0346,ईश्वरसिद्धि,ईश्वरसिद्धि,विभिन्न आचार्य/ऋषि,"दर्शन, तर्क, ब्रह्मविद्या, आत्मज्ञान र मोक्ष",दर्शनग्रन्थ,दर्शन
HG0347,ज्ञानसिद्धि,ज्ञानसिद्धि,विभिन्न आचार्य/ऋषि,"दर्शन, तर्क, ब्रह्मविद्या, आत्मज्ञान र मोक्ष",दर्शनग्रन्थ,दर्शन
HG0348,अणुभाष्य,अणुभाष्य,विभिन्न आचार्य/ऋषि,"दर्शन, तर्क, ब्रह्मविद्या, आत्मज्ञान र मोक्ष",दर्शनग्रन्थ,दर्शन
HG0349,तत्त्वदीपिका,तत्त्वदीपिका,विभिन्न आचार्य/ऋषि,"दर्शन, तर्क, ब्रह्मविद्या, आत्मज्ञान र मोक्ष",दर्शनग्रन्थ,दर्शन
HG0350,तत्त्वमुक्ताकलाप,तत्त्वमुक्ताकलाप,विभिन्न आचार्य/ऋषि,"दर्शन, तर्क, ब्रह्मविद्या, आत्मज्ञान र मोक्ष",दर्शनग्रन्थ,दर्शन
HG0351,श्रुतप्रकाशिका,श्रुतप्रकाशिका,विभिन्न आचार्य/ऋषि,"दर्शन, तर्क, ब्रह्मविद्या, आत्मज्ञान र मोक्ष",दर्शनग्रन्थ,दर्शन
HG0352,मिमांसान्यायप्रकाश,मिमांसान्यायप्रकाश,विभिन्न आचार्य/ऋषि,"दर्शन, तर्क, ब्रह्मविद्या, आत्मज्ञान र मोक्ष",दर्शनग्रन्थ,दर्शन
HG0353,न्यायसिद्धाञ्जन,न्यायसिद्धाञ्जन,विभिन्न आचार्य/ऋषि,"दर्शन, तर्क, ब्रह्मविद्या, आत्मज्ञान र मोक्ष",दर्शनग्रन्थ,दर्शन
HG0354,शतदूषणी,शतदूषणी,विभिन्न आचार्य/ऋषि,"दर्शन, तर्क, ब्रह्मविद्या, आत्मज्ञान र मोक्ष",दर्शनग्रन्थ,दर्शन
HG0355,सर्वार्थसिद्धि,सर्वार्थसिद्धि,विभिन्न आचार्य/ऋषि,"दर्शन, तर्क, ब्रह्मविद्या, आत्मज्ञान र मोक्ष",दर्शनग्रन्थ,दर्शन
HG0356,पंचार्थभाष्य,पंचार्थभाष्य,विभिन्न आचार्य/ऋषि,"दर्शन, तर्क, ब्रह्मविद्या, आत्मज्ञान र मोक्ष",दर्शनग्रन्थ,दर्शन
HG0357,गणकारिका,गणकारिका,विभिन्न आचार्य/ऋषि,"दर्शन, तर्क, ब्रह्मविद्या, आत्मज्ञान र मोक्ष",दर्शनग्रन्थ,दर्शन
HG0358,महाभाष्य,महाभाष्य,विभिन्न आचार्य/ऋषि,"दर्शन, तर्क, ब्रह्मविद्या, आत्मज्ञान र मोक्ष",दर्शनग्रन्थ,दर्शन
HG0359,स्पन्दकारिका,स्पन्दकारिका,विभिन्न आचार्य/ऋषि,"दर्शन, तर्क, ब्रह्मविद्या, आत्मज्ञान र मोक्ष",दर्शनग्रन्थ,दर्शन
HG0360,शिवसूत्र,शिवसूत्र,विभिन्न आचार्य/ऋषि,"दर्शन, तर्क, ब्रह्मविद्या, आत्मज्ञान र मोक्ष",दर्शनग्रन्थ,दर्शन
HG0361,स्पन्दसन्दोह,स्पन्दसन्दोह,विभिन्न आचार्य/ऋषि,"दर्शन, तर्क, ब्रह्मविद्या, आत्मज्ञान र मोक्ष",दर्शनग्रन्थ,दर्शन
HG0362,प्रत्यभिज्ञाहृदयम्,प्रत्यभिज्ञाहृदयम्,विभिन्न आचार्य/ऋषि,"दर्शन, तर्क, ब्रह्मविद्या, आत्मज्ञान र मोक्ष",दर्शनग्रन्थ,दर्शन
HG0363,ईश्वरप्रत्यभिज्ञा-विमर्शिनी,ईश्वरप्रत्यभिज्ञा-विमर्शिनी,विभिन्न आचार्य/ऋषि,"दर्शन, तर्क, ब्रह्मविद्या, आत्मज्ञान र मोक्ष",दर्शनग्रन्थ,दर्शन
HG0364,तन्त्रालोक,तन्त्रालोक,विभिन्न आचार्य/ऋषि,"दर्शन, तर्क, ब्रह्मविद्या, आत्मज्ञान र मोक्ष",दर्शनग्रन्थ,दर्शन
HG0365,तन्त्रसार,तन्त्रसार,विभिन्न आचार्य/ऋषि,"दर्शन, तर्क, ब्रह्मविद्या, आत्मज्ञान र मोक्ष",दर्शनग्रन्थ,दर्शन
HG0366,शिवदृष्टि,शिवदृष्टि,विभिन्न आचार्य/ऋषि,"दर्शन, तर्क, ब्रह्मविद्या, आत्मज्ञान र मोक्ष",दर्शनग्रन्थ,दर्शन
HG0367,हठयोगप्रदीपिका,हठयोगप्रदीपिका,योगपरम्परा/विभिन्न आचार्य,"आसन, प्राणायाम, ध्यान, नाडी, कुण्डलिनी र समाधि",योगग्रन्थ,योग
HG0368,घेरण्डसंहिता,घेरण्डसंहिता,योगपरम्परा/विभिन्न आचार्य,"आसन, प्राणायाम, ध्यान, नाडी, कुण्डलिनी र समाधि",योगग्रन्थ,योग
HG0369,शिवसंहिता,शिवसंहिता,योगपरम्परा/विभिन्न आचार्य,"आसन, प्राणायाम, ध्यान, नाडी, कुण्डलिनी र समाधि",योगग्रन्थ,योग
HG0370,गोरक्षशतक,गोरक्षशतक,योगपरम्परा/विभिन्न आचार्य,"आसन, प्राणायाम, ध्यान, नाडी, कुण्डलिनी र समाधि",योगग्रन्थ,योग
HG0371,गोरक्षपद्धति,गोरक्षपद्धति,योगपरम्परा/विभिन्न आचार्य,"आसन, प्राणायाम, ध्यान, नाडी, कुण्डलिनी र समाधि",योगग्रन्थ,योग
HG0372,गोरक्षसंहिता,गोरक्षसंहिता,योगपरम्परा/विभिन्न आचार्य,"आसन, प्राणायाम, ध्यान, नाडी, कुण्डलिनी र समाधि",योगग्रन्थ,योग
HG0373,सिद्धसिद्धान्तपद्धति,सिद्धसिद्धान्तपद्धति,योगपरम्परा/विभिन्न आचार्य,"आसन, प्राणायाम, ध्यान, नाडी, कुण्डलिनी र समाधि",योगग्रन्थ,योग
HG0374,अमृतसिद्धि,अमृतसिद्धि,योगपरम्परा/विभिन्न आचार्य,"आसन, प्राणायाम, ध्यान, नाडी, कुण्डलिनी र समाधि",योगग्रन्थ,योग
HG0375,योगयाज्ञवल्क्य,योगयाज्ञवल्क्य,योगपरम्परा/विभिन्न आचार्य,"आसन, प्राणायाम, ध्यान, नाडी, कुण्डलिनी र समाधि",योगग्रन्थ,योग
HG0376,योगतारावली,योगतारावली,योगपरम्परा/विभिन्न आचार्य,"आसन, प्राणायाम, ध्यान, नाडी, कुण्डलिनी र समाधि",योगग्रन्थ,योग
HG0377,योगबीज,योगबीज,योगपरम्परा/विभिन्न आचार्य,"आसन, प्राणायाम, ध्यान, नाडी, कुण्डलिनी र समाधि",योगग्रन्थ,योग
HG0378,योगकुण्डल्युपनिषद्,योगकुण्डल्युपनिषद्,योगपरम्परा/विभिन्न आचार्य,"आसन, प्राणायाम, ध्यान, नाडी, कुण्डलिनी र समाधि",योगग्रन्थ,योग
HG0379,योगशिखोपनिषद्,योगशिखोपनिषद्,योगपरम्परा/विभिन्न आचार्य,"आसन, प्राणायाम, ध्यान, नाडी, कुण्डलिनी र समाधि",योगग्रन्थ,योग
HG0380,योगतत्त्वोपनिषद्,योगतत्त्वोपनिषद्,योगपरम्परा/विभिन्न आचार्य,"आसन, प्राणायाम, ध्यान, नाडी, कुण्डलिनी र समाधि",योगग्रन्थ,योग
HG0381,ध्यानबिन्दूपनिषद्,ध्यानबिन्दूपनिषद्,योगपरम्परा/विभिन्न आचार्य,"आसन, प्राणायाम, ध्यान, नाडी, कुण्डलिनी र समाधि",योगग्रन्थ,योग
HG0382,अमृतनादोपनिषद्,अमृतनादोपनिषद्,योगपरम्परा/विभिन्न आचार्य,"आसन, प्राणायाम, ध्यान, नाडी, कुण्डलिनी र समाधि",योगग्रन्थ,योग
HG0383,तेजोबिन्दूपनिषद्,तेजोबिन्दूपनिषद्,योगपरम्परा/विभिन्न आचार्य,"आसन, प्राणायाम, ध्यान, नाडी, कुण्डलिनी र समाधि",योगग्रन्थ,योग
HG0384,त्रिशिखिब्राह्मणोपनिषद्,त्रिशिखिब्राह्मणोपनिषद्,योगपरम्परा/विभिन्न आचार्य,"आसन, प्राणायाम, ध्यान, नाडी, कुण्डलिनी र समाधि",योगग्रन्थ,योग
HG0385,वराहोपनिषद्,वराहोपनिषद्,योगपरम्परा/विभिन्न आचार्य,"आसन, प्राणायाम, ध्यान, नाडी, कुण्डलिनी र समाधि",योगग्रन्थ,योग
HG0386,मण्डलब्राह्मणोपनिषद्,मण्डलब्राह्मणोपनिषद्,योगपरम्परा/विभिन्न आचार्य,"आसन, प्राणायाम, ध्यान, नाडी, कुण्डलिनी र समाधि",योगग्रन्थ,योग
HG0387,अद्वयतारकोपनिषद्,अद्वयतारकोपनिषद्,योगपरम्परा/विभिन्न आचार्य,"आसन, प्राणायाम, ध्यान, नाडी, कुण्डलिनी र समाधि",योगग्रन्थ,योग
HG0388,हंसोपनिषद्,हंसोपनिषद्,योगपरम्परा/विभिन्न आचार्य,"आसन, प्राणायाम, ध्यान, नाडी, कुण्डलिनी र समाधि",योगग्रन्थ,योग
HG0389,शाण्डिल्योपनिषद्,शाण्डिल्योपनिषद्,योगपरम्परा/विभिन्न आचार्य,"आसन, प्राणायाम, ध्यान, नाडी, कुण्डलिनी र समाधि",योगग्रन्थ,योग
HG0390,पाशुपतब्रह्मोपनिषद्,पाशुपतब्रह्मोपनिषद्,योगपरम्परा/विभिन्न आचार्य,"आसन, प्राणायाम, ध्यान, नाडी, कुण्डलिनी र समाधि",योगग्रन्थ,योग
HG0391,महावाक्योपनिषद्,महावाक्योपनिषद्,योगपरम्परा/विभिन्न आचार्य,"आसन, प्राणायाम, ध्यान, नाडी, कुण्डलिनी र समाधि",योगग्रन्थ,योग
HG0392,योगचूडामण्युपनिषद्,योगचूडामण्युपनिषद्,योगपरम्परा/विभिन्न आचार्य,"आसन, प्राणायाम, ध्यान, नाडी, कुण्डलिनी र समाधि",योगग्रन्थ,योग
HG0393,व्यासभाष्य,व्यासभाष्य,योगपरम्परा/विभिन्न आचार्य,"आसन, प्राणायाम, ध्यान, नाडी, कुण्डलिनी र समाधि",योगग्रन्थ,योग
HG0394,तत्त्ववैशारदी,तत्त्ववैशारदी,योगपरम्परा/विभिन्न आचार्य,"आसन, प्राणायाम, ध्यान, नाडी, कुण्डलिनी र समाधि",योगग्रन्थ,योग
HG0395,राजमार्तण्ड,राजमार्तण्ड,योगपरम्परा/विभिन्न आचार्य,"आसन, प्राणायाम, ध्यान, नाडी, कुण्डलिनी र समाधि",योगग्रन्थ,योग
HG0396,योगवार्तिक,योगवार्तिक,योगपरम्परा/विभिन्न आचार्य,"आसन, प्राणायाम, ध्यान, नाडी, कुण्डलिनी र समाधि",योगग्रन्थ,योग
HG0397,योगसारसंग्रह,योगसारसंग्रह,योगपरम्परा/विभिन्न आचार्य,"आसन, प्राणायाम, ध्यान, नाडी, कुण्डलिनी र समाधि",योगग्रन्थ,योग
HG0398,योगमञ्जरी,योगमञ्जरी,योगपरम्परा/विभिन्न आचार्य,"आसन, प्राणायाम, ध्यान, नाडी, कुण्डलिनी र समाधि",योगग्रन्थ,योग
HG0399,योगदीपिका,योगदीपिका,योगपरम्परा/विभिन्न आचार्य,"आसन, प्राणायाम, ध्यान, नाडी, कुण्डलिनी र समाधि",योगग्रन्थ,योग
HG0400,योगशास्त्र,योगशास्त्र,योगपरम्परा/विभिन्न आचार्य,"आसन, प्राणायाम, ध्यान, नाडी, कुण्डलिनी र समाधि",योगग्रन्थ,योग
HG0401,योगरत्नावली,योगरत्नावली,योगपरम्परा/विभिन्न आचार्य,"आसन, प्राणायाम, ध्यान, नाडी, कुण्डलिनी र समाधि",योगग्रन्थ,योग
HG0402,योगचिन्तामणि,योगचिन्तामणि,योगपरम्परा/विभिन्न आचार्य,"आसन, प्राणायाम, ध्यान, नाडी, कुण्डलिनी र समाधि",योगग्रन्थ,योग
HG0403,योगप्रदीप,योगप्रदीप,योगपरम्परा/विभिन्न आचार्य,"आसन, प्राणायाम, ध्यान, नाडी, कुण्डलिनी र समाधि",योगग्रन्थ,योग
HG0404,योगसुधाकर,योगसुधाकर,योगपरम्परा/विभिन्न आचार्य,"आसन, प्राणायाम, ध्यान, नाडी, कुण्डलिनी र समाधि",योगग्रन्थ,योग
HG0405,योगामृत,योगामृत,योगपरम्परा/विभिन्न आचार्य,"आसन, प्राणायाम, ध्यान, नाडी, कुण्डलिनी र समाधि",योगग्रन्थ,योग
HG0406,योगकल्पतरु,योगकल्पतरु,योगपरम्परा/विभिन्न आचार्य,"आसन, प्राणायाम, ध्यान, नाडी, कुण्डलिनी र समाधि",योगग्रन्थ,योग
HG0407,योगतत्त्वसंग्रह,योगतत्त्वसंग्रह,योगपरम्परा/विभिन्न आचार्य,"आसन, प्राणायाम, ध्यान, नाडी, कुण्डलिनी र समाधि",योगग्रन्थ,योग
HG0408,ध्यानयोग,ध्यानयोग,योगपरम्परा/विभिन्न आचार्य,"आसन, प्राणायाम, ध्यान, नाडी, कुण्डलिनी र समाधि",योगग्रन्थ,योग
HG0409,योगोपनिषद्संग्रह,योगोपनिषद्संग्रह,योगपरम्परा/विभिन्न आचार्य,"आसन, प्राणायाम, ध्यान, नाडी, कुण्डलिनी र समाधि",योगग्रन्थ,योग
HG0410,नादबिन्दु,नादबिन्दु,योगपरम्परा/विभिन्न आचार्य,"आसन, प्राणायाम, ध्यान, नाडी, कुण्डलिनी र समाधि",योगग्रन्थ,योग
HG0411,योगप्रकरण,योगप्रकरण,योगपरम्परा/विभिन्न आचार्य,"आसन, प्राणायाम, ध्यान, नाडी, कुण्डलिनी र समाधि",योगग्रन्थ,योग
HG0412,योगसार,योगसार,योगपरम्परा/विभिन्न आचार्य,"आसन, प्राणायाम, ध्यान, नाडी, कुण्डलिनी र समाधि",योगग्रन्थ,योग
HG0413,हठरत्नावली,हठरत्नावली,योगपरम्परा/विभिन्न आचार्य,"आसन, प्राणायाम, ध्यान, नाडी, कुण्डलिनी र समाधि",योगग्रन्थ,योग
HG0414,हठसङ्केतचन्द्रिका,हठसङ्केतचन्द्रिका,योगपरम्परा/विभिन्न आचार्य,"आसन, प्राणायाम, ध्यान, नाडी, कुण्डलिनी र समाधि",योगग्रन्थ,योग
HG0415,हठतत्त्वकौमुदी,हठतत्त्वकौमुदी,योगपरम्परा/विभिन्न आचार्य,"आसन, प्राणायाम, ध्यान, नाडी, कुण्डलिनी र समाधि",योगग्रन्थ,योग
HG0416,हठयोगमञ्जरी,हठयोगमञ्जरी,योगपरम्परा/विभिन्न आचार्य,"आसन, प्राणायाम, ध्यान, नाडी, कुण्डलिनी र समाधि",योगग्रन्थ,योग
HG0417,सिद्धान्तमुक्तावली,सिद्धान्तमुक्तावली,योगपरम्परा/विभिन्न आचार्य,"आसन, प्राणायाम, ध्यान, नाडी, कुण्डलिनी र समाधि",योगग्रन्थ,योग
HG0418,शिवयोगप्रदीपिका,शिवयोगप्रदीपिका,योगपरम्परा/विभिन्न आचार्य,"आसन, प्राणायाम, ध्यान, नाडी, कुण्डलिनी र समाधि",योगग्रन्थ,योग
HG0419,शिवयोगदीपिका,शिवयोगदीपिका,योगपरम्परा/विभिन्न आचार्य,"आसन, प्राणायाम, ध्यान, नाडी, कुण्डलिनी र समाधि",योगग्रन्थ,योग
HG0420,शिवयोगसार,शिवयोगसार,योगपरम्परा/विभिन्न आचार्य,"आसन, प्राणायाम, ध्यान, नाडी, कुण्डलिनी र समाधि",योगग्रन्थ,योग
HG0421,कुण्डलिनीयोगप्रकाशिका,कुण्डलिनीयोगप्रकाशिका,योगपरम्परा/विभिन्न आचार्य,"आसन, प्राणायाम, ध्यान, नाडी, कुण्डलिनी र समाधि",योगग्रन्थ,योग
HG0422,शक्तिसंगमतन्त्र,शक्तिसंगमतन्त्र,योगपरम्परा/विभिन्न आचार्य,"आसन, प्राणायाम, ध्यान, नाडी, कुण्डलिनी र समाधि",योगग्रन्थ,योग
HG0423,अमृतसिद्धियोग,अमृतसिद्धियोग,योगपरम्परा/विभिन्न आचार्य,"आसन, प्राणायाम, ध्यान, नाडी, कुण्डलिनी र समाधि",योगग्रन्थ,योग
HG0424,योगसिद्धान्तचन्द्रिका,योगसिद्धान्तचन्द्रिका,योगपरम्परा/विभिन्न आचार्य,"आसन, प्राणायाम, ध्यान, नाडी, कुण्डलिनी र समाधि",योगग्रन्थ,योग
HG0425,योगमार्गप्रकाशिका,योगमार्गप्रकाशिका,योगपरम्परा/विभिन्न आचार्य,"आसन, प्राणायाम, ध्यान, नाडी, कुण्डलिनी र समाधि",योगग्रन्थ,योग
HG0426,योगमाहात्म्य,योगमाहात्म्य,योगपरम्परा/विभिन्न आचार्य,"आसन, प्राणायाम, ध्यान, नाडी, कुण्डलिनी र समाधि",योगग्रन्थ,योग
HG0427,योगविज्ञान,योगविज्ञान,योगपरम्परा/विभिन्न आचार्य,"आसन, प्राणायाम, ध्यान, नाडी, कुण्डलिनी र समाधि",योगग्रन्थ,योग
HG0428,योगसंग्रह,योगसंग्रह,योगपरम्परा/विभिन्न आचार्य,"आसन, प्राणायाम, ध्यान, नाडी, कुण्डलिनी र समाधि",योगग्रन्थ,योग
HG0429,योगकल्पद्रुम,योगकल्पद्रुम,योगपरम्परा/विभिन्न आचार्य,"आसन, प्राणायाम, ध्यान, नाडी, कुण्डलिनी र समाधि",योगग्रन्थ,योग
HG0430,योगचूडामणि,योगचूडामणि,योगपरम्परा/विभिन्न आचार्य,"आसन, प्राणायाम, ध्यान, नाडी, कुण्डलिनी र समाधि",योगग्रन्थ,योग
HG0431,योगार्णव,योगार्णव,योगपरम्परा/विभिन्न आचार्य,"आसन, प्राणायाम, ध्यान, नाडी, कुण्डलिनी र समाधि",योगग्रन्थ,योग
HG0432,योगशिखा,योगशिखा,योगपरम्परा/विभिन्न आचार्य,"आसन, प्राणायाम, ध्यान, नाडी, कुण्डलिनी र समाधि",योगग्रन्थ,योग
HG0433,योगामृतसार,योगामृतसार,योगपरम्परा/विभिन्न आचार्य,"आसन, प्राणायाम, ध्यान, नाडी, कुण्डलिनी र समाधि",योगग्रन्थ,योग
HG0434,योगतारक,योगतारक,योगपरम्परा/विभिन्न आचार्य,"आसन, प्राणायाम, ध्यान, नाडी, कुण्डलिनी र समाधि",योगग्रन्थ,योग
HG0435,योगानन्द,योगानन्द,योगपरम्परा/विभिन्न आचार्य,"आसन, प्राणायाम, ध्यान, नाडी, कुण्डलिनी र समाधि",योगग्रन्थ,योग
HG0436,योगसारावली,योगसारावली,योगपरम्परा/विभिन्न आचार्य,"आसन, प्राणायाम, ध्यान, नाडी, कुण्डलिनी र समाधि",योगग्रन्थ,योग
HG0437,योगसुधा,योगसुधा,योगपरम्परा/विभिन्न आचार्य,"आसन, प्राणायाम, ध्यान, नाडी, कुण्डलिनी र समाधि",योगग्रन्थ,योग
HG0438,योगप्रवाह,योगप्रवाह,योगपरम्परा/विभिन्न आचार्य,"आसन, प्राणायाम, ध्यान, नाडी, कुण्डलिनी र समाधि",योगग्रन्थ,योग
HG0439,योगरहस्य,योगरहस्य,योगपरम्परा/विभिन्न आचार्य,"आसन, प्राणायाम, ध्यान, नाडी, कुण्डलिनी र समाधि",योगग्रन्थ,योग
HG0440,योगरत्नाकर,योगरत्नाकर,योगपरम्परा/विभिन्न आचार्य,"आसन, प्राणायाम, ध्यान, नाडी, कुण्डलिनी र समाधि",योगग्रन्थ,योग
HG0441,योगमुक्तावली,योगमुक्तावली,योगपरम्परा/विभिन्न आचार्य,"आसन, प्राणायाम, ध्यान, नाडी, कुण्डलिनी र समाधि",योगग्रन्थ,योग
HG0442,ध्यानसार,ध्यानसार,योगपरम्परा/विभिन्न आचार्य,"आसन, प्राणायाम, ध्यान, नाडी, कुण्डलिनी र समाधि",योगग्रन्थ,योग
HG0443,ध्यानदीपिका,ध्यानदीपिका,योगपरम्परा/विभिन्न आचार्य,"आसन, प्राणायाम, ध्यान, नाडी, कुण्डलिनी र समाधि",योगग्रन्थ,योग
HG0444,ध्यानमाला,ध्यानमाला,योगपरम्परा/विभिन्न आचार्य,"आसन, प्राणायाम, ध्यान, नाडी, कुण्डलिनी र समाधि",योगग्रन्थ,योग
HG0445,ध्यानचन्द्रिका,ध्यानचन्द्रिका,योगपरम्परा/विभिन्न आचार्य,"आसन, प्राणायाम, ध्यान, नाडी, कुण्डलिनी र समाधि",योगग्रन्थ,योग
HG0446,ध्यानसंग्रह,ध्यानसंग्रह,योगपरम्परा/विभिन्न आचार्य,"आसन, प्राणायाम, ध्यान, नाडी, कुण्डलिनी र समाधि",योगग्रन्थ,योग
HG0447,प्राणविद्या,प्राणविद्या,योगपरम्परा/विभिन्न आचार्य,"आसन, प्राणायाम, ध्यान, नाडी, कुण्डलिनी र समाधि",योगग्रन्थ,योग
HG0448,प्राणायामसंग्रह,प्राणायामसंग्रह,योगपरम्परा/विभिन्न आचार्य,"आसन, प्राणायाम, ध्यान, नाडी, कुण्डलिनी र समाधि",योगग्रन्थ,योग
HG0449,स्वरयोग,स्वरयोग,योगपरम्परा/विभिन्न आचार्य,"आसन, प्राणायाम, ध्यान, नाडी, कुण्डलिनी र समाधि",योगग्रन्थ,योग
HG0450,स्वरोदय,स्वरोदय,योगपरम्परा/विभिन्न आचार्य,"आसन, प्राणायाम, ध्यान, नाडी, कुण्डलिनी र समाधि",योगग्रन्थ,योग
HG0451,स्वरशास्त्र,स्वरशास्त्र,योगपरम्परा/विभिन्न आचार्य,"आसन, प्राणायाम, ध्यान, नाडी, कुण्डलिनी र समाधि",योगग्रन्थ,योग
HG0452,नादयोग,नादयोग,योगपरम्परा/विभिन्न आचार्य,"आसन, प्राणायाम, ध्यान, नाडी, कुण्डलिनी र समाधि",योगग्रन्थ,योग
HG0453,नादविज्ञान,नादविज्ञान,योगपरम्परा/विभिन्न आचार्य,"आसन, प्राणायाम, ध्यान, नाडी, कुण्डलिनी र समाधि",योगग्रन्थ,योग
HG0454,लययोग,लययोग,योगपरम्परा/विभिन्न आचार्य,"आसन, प्राणायाम, ध्यान, नाडी, कुण्डलिनी र समाधि",योगग्रन्थ,योग
HG0455,कुण्डलिनीतन्त्र,कुण्डलिनीतन्त्र,योगपरम्परा/विभिन्न आचार्य,"आसन, प्राणायाम, ध्यान, नाडी, कुण्डलिनी र समाधि",योगग्रन्थ,योग
HG0456,कुलार्णवतन्त्र,कुलार्णवतन्त्र,तान्त्रिक/आगमिक परम्परा,"मन्त्र, यन्त्र, देवता-उपासना, दीक्षा, साधना र तन्त्रयोग",तन्त्र,तन्त्र/आगम
HG0457,मालिनीविजयोत्तरतन्त्र,मालिनीविजयोत्तरतन्त्र,तान्त्रिक/आगमिक परम्परा,"मन्त्र, यन्त्र, देवता-उपासना, दीक्षा, साधना र तन्त्रयोग",तन्त्र,तन्त्र/आगम
HG0458,नेत्रतन्त्र,नेत्रतन्त्र,तान्त्रिक/आगमिक परम्परा,"मन्त्र, यन्त्र, देवता-उपासना, दीक्षा, साधना र तन्त्रयोग",तन्त्र,तन्त्र/आगम
HG0459,स्वच्छन्दतन्त्र,स्वच्छन्दतन्त्र,तान्त्रिक/आगमिक परम्परा,"मन्त्र, यन्त्र, देवता-उपासना, दीक्षा, साधना र तन्त्रयोग",तन्त्र,तन्त्र/आगम
HG0460,विज्ञानभैरवतन्त्र,विज्ञानभैरवतन्त्र,तान्त्रिक/आगमिक परम्परा,"मन्त्र, यन्त्र, देवता-उपासना, दीक्षा, साधना र तन्त्रयोग",तन्त्र,तन्त्र/आगम
HG0461,रुद्रयामलतन्त्र,रुद्रयामलतन्त्र,तान्त्रिक/आगमिक परम्परा,"मन्त्र, यन्त्र, देवता-उपासना, दीक्षा, साधना र तन्त्रयोग",तन्त्र,तन्त्र/आगम
HG0462,ब्रह्मयामलतन्त्र,ब्रह्मयामलतन्त्र,तान्त्रिक/आगमिक परम्परा,"मन्त्र, यन्त्र, देवता-उपासना, दीक्षा, साधना र तन्त्रयोग",तन्त्र,तन्त्र/आगम
HG0463,विष्णुयामलतन्त्र,विष्णुयामलतन्त्र,तान्त्रिक/आगमिक परम्परा,"मन्त्र, यन्त्र, देवता-उपासना, दीक्षा, साधना र तन्त्रयोग",तन्त्र,तन्त्र/आगम
HG0464,भैरवयामलतन्त्र,भैरवयामलतन्त्र,तान्त्रिक/आगमिक परम्परा,"मन्त्र, यन्त्र, देवता-उपासना, दीक्षा, साधना र तन्त्रयोग",तन्त्र,तन्त्र/आगम
HG0465,कुलचूडामणितन्त्र,कुलचूडामणितन्त्र,तान्त्रिक/आगमिक परम्परा,"मन्त्र, यन्त्र, देवता-उपासना, दीक्षा, साधना र तन्त्रयोग",तन्त्र,तन्त्र/आगम
HG0466,शारदातिलकतन्त्र,शारदातिलकतन्त्र,तान्त्रिक/आगमिक परम्परा,"मन्त्र, यन्त्र, देवता-उपासना, दीक्षा, साधना र तन्त्रयोग",तन्त्र,तन्त्र/आगम
HG0467,प्रपञ्चसारतन्त्र,प्रपञ्चसारतन्त्र,तान्त्रिक/आगमिक परम्परा,"मन्त्र, यन्त्र, देवता-उपासना, दीक्षा, साधना र तन्त्रयोग",तन्त्र,तन्त्र/आगम
HG0468,मन्त्रमहोदधि,मन्त्रमहोदधि,तान्त्रिक/आगमिक परम्परा,"मन्त्र, यन्त्र, देवता-उपासना, दीक्षा, साधना र तन्त्रयोग",तन्त्र,तन्त्र/आगम
HG0469,तन्त्रराजतन्त्र,तन्त्रराजतन्त्र,तान्त्रिक/आगमिक परम्परा,"मन्त्र, यन्त्र, देवता-उपासना, दीक्षा, साधना र तन्त्रयोग",तन्त्र,तन्त्र/आगम
HG0470,वामकेश्वरतन्त्र,वामकेश्वरतन्त्र,तान्त्रिक/आगमिक परम्परा,"मन्त्र, यन्त्र, देवता-उपासना, दीक्षा, साधना र तन्त्रयोग",तन्त्र,तन्त्र/आगम
HG0471,त्रिपुरारहस्य,त्रिपुरारहस्य,तान्त्रिक/आगमिक परम्परा,"मन्त्र, यन्त्र, देवता-उपासना, दीक्षा, साधना र तन्त्रयोग",तन्त्र,तन्त्र/आगम
HG0472,ललितोपाख्यान,ललितोपाख्यान,तान्त्रिक/आगमिक परम्परा,"मन्त्र, यन्त्र, देवता-उपासना, दीक्षा, साधना र तन्त्रयोग",तन्त्र,तन्त्र/आगम
HG0473,वाराहीतन्त्र,वाराहीतन्त्र,तान्त्रिक/आगमिक परम्परा,"मन्त्र, यन्त्र, देवता-उपासना, दीक्षा, साधना र तन्त्रयोग",तन्त्र,तन्त्र/आगम
HG0474,श्यामारहस्य,श्यामारहस्य,तान्त्रिक/आगमिक परम्परा,"मन्त्र, यन्त्र, देवता-उपासना, दीक्षा, साधना र तन्त्रयोग",तन्त्र,तन्त्र/आगम
HG0475,तारातन्त्र,तारातन्त्र,तान्त्रिक/आगमिक परम्परा,"मन्त्र, यन्त्र, देवता-उपासना, दीक्षा, साधना र तन्त्रयोग",तन्त्र,तन्त्र/आगम
HG0476,छिन्नमस्तातन्त्र,छिन्नमस्तातन्त्र,तान्त्रिक/आगमिक परम्परा,"मन्त्र, यन्त्र, देवता-उपासना, दीक्षा, साधना र तन्त्रयोग",तन्त्र,तन्त्र/आगम
HG0477,कालीतन्त्र,कालीतन्त्र,तान्त्रिक/आगमिक परम्परा,"मन्त्र, यन्त्र, देवता-उपासना, दीक्षा, साधना र तन्त्रयोग",तन्त्र,तन्त्र/आगम
HG0478,कालीविलासतन्त्र,कालीविलासतन्त्र,तान्त्रिक/आगमिक परम्परा,"मन्त्र, यन्त्र, देवता-उपासना, दीक्षा, साधना र तन्त्रयोग",तन्त्र,तन्त्र/आगम
HG0479,महाकालतन्त्र,महाकालतन्त्र,तान्त्रिक/आगमिक परम्परा,"मन्त्र, यन्त्र, देवता-उपासना, दीक्षा, साधना र तन्त्रयोग",तन्त्र,तन्त्र/आगम
HG0480,भुवनेश्वरीतन्त्र,भुवनेश्वरीतन्त्र,तान्त्रिक/आगमिक परम्परा,"मन्त्र, यन्त्र, देवता-उपासना, दीक्षा, साधना र तन्त्रयोग",तन्त्र,तन्त्र/आगम
HG0481,मातङ्गीतन्त्र,मातङ्गीतन्त्र,तान्त्रिक/आगमिक परम्परा,"मन्त्र, यन्त्र, देवता-उपासना, दीक्षा, साधना र तन्त्रयोग",तन्त्र,तन्त्र/आगम
HG0482,धूमावतीतन्त्र,धूमावतीतन्त्र,तान्त्रिक/आगमिक परम्परा,"मन्त्र, यन्त्र, देवता-उपासना, दीक्षा, साधना र तन्त्रयोग",तन्त्र,तन्त्र/आगम
HG0483,कमलातन्त्र,कमलातन्त्र,तान्त्रिक/आगमिक परम्परा,"मन्त्र, यन्त्र, देवता-उपासना, दीक्षा, साधना र तन्त्रयोग",तन्त्र,तन्त्र/आगम
HG0484,बगलामुखीतन्त्र,बगलामुखीतन्त्र,तान्त्रिक/आगमिक परम्परा,"मन्त्र, यन्त्र, देवता-उपासना, दीक्षा, साधना र तन्त्रयोग",तन्त्र,तन्त्र/आगम
HG0485,षोडशीनित्यमन्त्र,षोडशीनित्यमन्त्र,तान्त्रिक/आगमिक परम्परा,"मन्त्र, यन्त्र, देवता-उपासना, दीक्षा, साधना र तन्त्रयोग",तन्त्र,तन्त्र/आगम
HG0486,षट्चक्रनिरूपण,षट्चक्रनिरूपण,तान्त्रिक/आगमिक परम्परा,"मन्त्र, यन्त्र, देवता-उपासना, दीक्षा, साधना र तन्त्रयोग",तन्त्र,तन्त्र/आगम
HG0487,महानिर्वाणतन्त्र,महानिर्वाणतन्त्र,तान्त्रिक/आगमिक परम्परा,"मन्त्र, यन्त्र, देवता-उपासना, दीक्षा, साधना र तन्त्रयोग",तन्त्र,तन्त्र/आगम
HG0488,परशुरामकल्पसूत्र,परशुरामकल्पसूत्र,तान्त्रिक/आगमिक परम्परा,"मन्त्र, यन्त्र, देवता-उपासना, दीक्षा, साधना र तन्त्रयोग",तन्त्र,तन्त्र/आगम
HG0489,दत्तात्रेयतन्त्र,दत्तात्रेयतन्त्र,तान्त्रिक/आगमिक परम्परा,"मन्त्र, यन्त्र, देवता-उपासना, दीक्षा, साधना र तन्त्रयोग",तन्त्र,तन्त्र/आगम
HG0490,शाक्तप्रमोद,शाक्तप्रमोद,तान्त्रिक/आगमिक परम्परा,"मन्त्र, यन्त्र, देवता-उपासना, दीक्षा, साधना र तन्त्रयोग",तन्त्र,तन्त्र/आगम
HG0491,मेरुतन्त्र,मेरुतन्त्र,तान्त्रिक/आगमिक परम्परा,"मन्त्र, यन्त्र, देवता-उपासना, दीक्षा, साधना र तन्त्रयोग",तन्त्र,तन्त्र/आगम
HG0492,सौन्दर्यलहरी,सौन्दर्यलहरी,तान्त्रिक/आगमिक परम्परा,"मन्त्र, यन्त्र, देवता-उपासना, दीक्षा, साधना र तन्त्रयोग",तन्त्र,तन्त्र/आगम
HG0493,आनन्दलहरी,आनन्दलहरी,तान्त्रिक/आगमिक परम्परा,"मन्त्र, यन्त्र, देवता-उपासना, दीक्षा, साधना र तन्त्रयोग",तन्त्र,तन्त्र/आगम
HG0494,त्रिपुरामहिम्नस्तोत्र,त्रिपुरामहिम्नस्तोत्र,तान्त्रिक/आगमिक परम्परा,"मन्त्र, यन्त्र, देवता-उपासना, दीक्षा, साधना र तन्त्रयोग",तन्त्र,तन्त्र/आगम
HG0495,त्रिपुरोपनिषद्,त्रिपुरोपनिषद्,तान्त्रिक/आगमिक परम्परा,"मन्त्र, यन्त्र, देवता-उपासना, दीक्षा, साधना र तन्त्रयोग",तन्त्र,तन्त्र/आगम
HG0496,देवीरहस्य,देवीरहस्य,तान्त्रिक/आगमिक परम्परा,"मन्त्र, यन्त्र, देवता-उपासना, दीक्षा, साधना र तन्त्रयोग",तन्त्र,तन्त्र/आगम
HG0497,देवीभागवत,देवीभागवत,तान्त्रिक/आगमिक परम्परा,"मन्त्र, यन्त्र, देवता-उपासना, दीक्षा, साधना र तन्त्रयोग",तन्त्र,तन्त्र/आगम
HG0498,देवीमाहात्म्य,देवीमाहात्म्य,तान्त्रिक/आगमिक परम्परा,"मन्त्र, यन्त्र, देवता-उपासना, दीक्षा, साधना र तन्त्रयोग",तन्त्र,तन्त्र/आगम
HG0499,दुर्गासप्तशती,दुर्गासप्तशती,तान्त्रिक/आगमिक परम्परा,"मन्त्र, यन्त्र, देवता-उपासना, दीक्षा, साधना र तन्त्रयोग",तन्त्र,तन्त्र/आगम
HG0500,सप्तशतीसर्वस्वम्,सप्तशतीसर्वस्वम्,तान्त्रिक/आगमिक परम्परा,"मन्त्र, यन्त्र, देवता-उपासना, दीक्षा, साधना र तन्त्रयोग",तन्त्र,तन्त्र/आगम
HG0501,श्रीविद्यार्णव,श्रीविद्यार्णव,तान्त्रिक/आगमिक परम्परा,"मन्त्र, यन्त्र, देवता-उपासना, दीक्षा, साधना र तन्त्रयोग",तन्त्र,तन्त्र/आगम
HG0502,श्रीविद्यारत्नसूत्र,श्रीविद्यारत्नसूत्र,तान्त्रिक/आगमिक परम्परा,"मन्त्र, यन्त्र, देवता-उपासना, दीक्षा, साधना र तन्त्रयोग",तन्त्र,तन्त्र/आगम
HG0503,श्रीविद्यातन्त्र,श्रीविद्यातन्त्र,तान्त्रिक/आगमिक परम्परा,"मन्त्र, यन्त्र, देवता-उपासना, दीक्षा, साधना र तन्त्रयोग",तन्त्र,तन्त्र/आगम
HG0504,शाक्तानन्दतरङ्गिणी,शाक्तानन्दतरङ्गिणी,तान्त्रिक/आगमिक परम्परा,"मन्त्र, यन्त्र, देवता-उपासना, दीक्षा, साधना र तन्त्रयोग",तन्त्र,तन्त्र/आगम
HG0505,योगिनीहृदयम्,योगिनीहृदयम्,तान्त्रिक/आगमिक परम्परा,"मन्त्र, यन्त्र, देवता-उपासना, दीक्षा, साधना र तन्त्रयोग",तन्त्र,तन्त्र/आगम
HG0506,नित्याषोडशिकार्णव,नित्याषोडशिकार्णव,तान्त्रिक/आगमिक परम्परा,"मन्त्र, यन्त्र, देवता-उपासना, दीक्षा, साधना र तन्त्रयोग",तन्त्र,तन्त्र/आगम
HG0507,नित्योत्सव,नित्योत्सव,तान्त्रिक/आगमिक परम्परा,"मन्त्र, यन्त्र, देवता-उपासना, दीक्षा, साधना र तन्त्रयोग",तन्त्र,तन्त्र/आगम
HG0508,वामकेश्वरतन्त्रटीका,वामकेश्वरतन्त्रटीका,तान्त्रिक/आगमिक परम्परा,"मन्त्र, यन्त्र, देवता-उपासना, दीक्षा, साधना र तन्त्रयोग",तन्त्र,तन्त्र/आगम
HG0509,भैरवतन्त्र,भैरवतन्त्र,तान्त्रिक/आगमिक परम्परा,"मन्त्र, यन्त्र, देवता-उपासना, दीक्षा, साधना र तन्त्रयोग",तन्त्र,तन्त्र/आगम
HG0510,रुद्रभैरवतन्त्र,रुद्रभैरवतन्त्र,तान्त्रिक/आगमिक परम्परा,"मन्त्र, यन्त्र, देवता-उपासना, दीक्षा, साधना र तन्त्रयोग",तन्त्र,तन्त्र/आगम
HG0511,कालिकाकुलसर्वस्व,कालिकाकुलसर्वस्व,तान्त्रिक/आगमिक परम्परा,"मन्त्र, यन्त्र, देवता-उपासना, दीक्षा, साधना र तन्त्रयोग",तन्त्र,तन्त्र/आगम
HG0512,कुलसारतन्त्र,कुलसारतन्त्र,तान्त्रिक/आगमिक परम्परा,"मन्त्र, यन्त्र, देवता-उपासना, दीक्षा, साधना र तन्त्रयोग",तन्त्र,तन्त्र/आगम
HG0513,कुलार्णवटीका,कुलार्णवटीका,तान्त्रिक/आगमिक परम्परा,"मन्त्र, यन्त्र, देवता-उपासना, दीक्षा, साधना र तन्त्रयोग",तन्त्र,तन्त्र/आगम
HG0514,शक्तितन्त्र,शक्तितन्त्र,तान्त्रिक/आगमिक परम्परा,"मन्त्र, यन्त्र, देवता-उपासना, दीक्षा, साधना र तन्त्रयोग",तन्त्र,तन्त्र/आगम
HG0515,शक्तिरहस्य,शक्तिरहस्य,तान्त्रिक/आगमिक परम्परा,"मन्त्र, यन्त्र, देवता-उपासना, दीक्षा, साधना र तन्त्रयोग",तन्त्र,तन्त्र/आगम
HG0516,शक्तिसूत्र,शक्तिसूत्र,तान्त्रिक/आगमिक परम्परा,"मन्त्र, यन्त्र, देवता-उपासना, दीक्षा, साधना र तन्त्रयोग",तन्त्र,तन्त्र/आगम
HG0517,शक्तिप्रकाश,शक्तिप्रकाश,तान्त्रिक/आगमिक परम्परा,"मन्त्र, यन्त्र, देवता-उपासना, दीक्षा, साधना र तन्त्रयोग",तन्त्र,तन्त्र/आगम
HG0518,तन्त्रसद्भाव,तन्त्रसद्भाव,तान्त्रिक/आगमिक परम्परा,"मन्त्र, यन्त्र, देवता-उपासना, दीक्षा, साधना र तन्त्रयोग",तन्त्र,तन्त्र/आगम
HG0519,तन्त्रलोक,तन्त्रलोक,तान्त्रिक/आगमिक परम्परा,"मन्त्र, यन्त्र, देवता-उपासना, दीक्षा, साधना र तन्त्रयोग",तन्त्र,तन्त्र/आगम
HG0520,तन्त्रवाटिका,तन्त्रवाटिका,तान्त्रिक/आगमिक परम्परा,"मन्त्र, यन्त्र, देवता-उपासना, दीक्षा, साधना र तन्त्रयोग",तन्त्र,तन्त्र/आगम
HG0521,मातृकाभेदतन्त्र,मातृकाभेदतन्त्र,तान्त्रिक/आगमिक परम्परा,"मन्त्र, यन्त्र, देवता-उपासना, दीक्षा, साधना र तन्त्रयोग",तन्त्र,तन्त्र/आगम
HG0522,मातृकातन्त्र,मातृकातन्त्र,तान्त्रिक/आगमिक परम्परा,"मन्त्र, यन्त्र, देवता-उपासना, दीक्षा, साधना र तन्त्रयोग",तन्त्र,तन्त्र/आगम
HG0523,शारदातन्त्र,शारदातन्त्र,तान्त्रिक/आगमिक परम्परा,"मन्त्र, यन्त्र, देवता-उपासना, दीक्षा, साधना र तन्त्रयोग",तन्त्र,तन्त्र/आगम
HG0524,सरस्वतीतन्त्र,सरस्वतीतन्त्र,तान्त्रिक/आगमिक परम्परा,"मन्त्र, यन्त्र, देवता-उपासना, दीक्षा, साधना र तन्त्रयोग",तन्त्र,तन्त्र/आगम
HG0525,गायत्रीतन्त्र,गायत्रीतन्त्र,तान्त्रिक/आगमिक परम्परा,"मन्त्र, यन्त्र, देवता-उपासना, दीक्षा, साधना र तन्त्रयोग",तन्त्र,तन्त्र/आगम
HG0526,सावित्रीतन्त्र,सावित्रीतन्त्र,तान्त्रिक/आगमिक परम्परा,"मन्त्र, यन्त्र, देवता-उपासना, दीक्षा, साधना र तन्त्रयोग",तन्त्र,तन्त्र/आगम
HG0527,लक्ष्मीतन्त्र,लक्ष्मीतन्त्र,तान्त्रिक/आगमिक परम्परा,"मन्त्र, यन्त्र, देवता-उपासना, दीक्षा, साधना र तन्त्रयोग",तन्त्र,तन्त्र/आगम
HG0528,राधातन्त्र,राधातन्त्र,तान्त्रिक/आगमिक परम्परा,"मन्त्र, यन्त्र, देवता-उपासना, दीक्षा, साधना र तन्त्रयोग",तन्त्र,तन्त्र/आगम
HG0529,गोपालतापनीयरहस्य,गोपालतापनीयरहस्य,तान्त्रिक/आगमिक परम्परा,"मन्त्र, यन्त्र, देवता-उपासना, दीक्षा, साधना र तन्त्रयोग",तन्त्र,तन्त्र/आगम
HG0530,गोपनीयतन्त्र,गोपनीयतन्त्र,तान्त्रिक/आगमिक परम्परा,"मन्त्र, यन्त्र, देवता-उपासना, दीक्षा, साधना र तन्त्रयोग",तन्त्र,तन्त्र/आगम
HG0531,कृष्णयामल,कृष्णयामल,तान्त्रिक/आगमिक परम्परा,"मन्त्र, यन्त्र, देवता-उपासना, दीक्षा, साधना र तन्त्रयोग",तन्त्र,तन्त्र/आगम
HG0532,राधायामल,राधायामल,तान्त्रिक/आगमिक परम्परा,"मन्त्र, यन्त्र, देवता-उपासना, दीक्षा, साधना र तन्त्रयोग",तन्त्र,तन्त्र/आगम
HG0533,रामतन्त्र,रामतन्त्र,तान्त्रिक/आगमिक परम्परा,"मन्त्र, यन्त्र, देवता-उपासना, दीक्षा, साधना र तन्त्रयोग",तन्त्र,तन्त्र/आगम
HG0534,हनुमत्तन्त्र,हनुमत्तन्त्र,तान्त्रिक/आगमिक परम्परा,"मन्त्र, यन्त्र, देवता-उपासना, दीक्षा, साधना र तन्त्रयोग",तन्त्र,तन्त्र/आगम
HG0535,गणपतितन्त्र,गणपतितन्त्र,तान्त्रिक/आगमिक परम्परा,"मन्त्र, यन्त्र, देवता-उपासना, दीक्षा, साधना र तन्त्रयोग",तन्त्र,तन्त्र/आगम
HG0536,महागणपतितन्त्र,महागणपतितन्त्र,तान्त्रिक/आगमिक परम्परा,"मन्त्र, यन्त्र, देवता-उपासना, दीक्षा, साधना र तन्त्रयोग",तन्त्र,तन्त्र/आगम
HG0537,उच्छिष्टगणपतितन्त्र,उच्छिष्टगणपतितन्त्र,तान्त्रिक/आगमिक परम्परा,"मन्त्र, यन्त्र, देवता-उपासना, दीक्षा, साधना र तन्त्रयोग",तन्त्र,तन्त्र/आगम
HG0538,स्कन्दतन्त्र,स्कन्दतन्त्र,तान्त्रिक/आगमिक परम्परा,"मन्त्र, यन्त्र, देवता-उपासना, दीक्षा, साधना र तन्त्रयोग",तन्त्र,तन्त्र/आगम
HG0539,कुमारतन्त्र,कुमारतन्त्र,तान्त्रिक/आगमिक परम्परा,"मन्त्र, यन्त्र, देवता-उपासना, दीक्षा, साधना र तन्त्रयोग",तन्त्र,तन्त्र/आगम
HG0540,नृसिंहतन्त्र,नृसिंहतन्त्र,तान्त्रिक/आगमिक परम्परा,"मन्त्र, यन्त्र, देवता-उपासना, दीक्षा, साधना र तन्त्रयोग",तन्त्र,तन्त्र/आगम
HG0541,सूर्यतन्त्र,सूर्यतन्त्र,तान्त्रिक/आगमिक परम्परा,"मन्त्र, यन्त्र, देवता-उपासना, दीक्षा, साधना र तन्त्रयोग",तन्त्र,तन्त्र/आगम
HG0542,आदित्यहृदयतन्त्र,आदित्यहृदयतन्त्र,तान्त्रिक/आगमिक परम्परा,"मन्त्र, यन्त्र, देवता-उपासना, दीक्षा, साधना र तन्त्रयोग",तन्त्र,तन्त्र/आगम
HG0543,नवदुर्गातन्त्र,नवदुर्गातन्त्र,तान्त्रिक/आगमिक परम्परा,"मन्त्र, यन्त्र, देवता-उपासना, दीक्षा, साधना र तन्त्रयोग",तन्त्र,तन्त्र/आगम
HG0544,विष्णुसहस्रनाम,विष्णुसहस्रनाम,विभिन्न आचार्य/परम्परा,"देवता-स्तुति, प्रार्थना, भक्ति र उपासना",स्तोत्र/कवच,भक्ति/उपासना
HG0545,ललितासहस्रनाम,ललितासहस्रनाम,विभिन्न आचार्य/परम्परा,"देवता-स्तुति, प्रार्थना, भक्ति र उपासना",स्तोत्र/कवच,भक्ति/उपासना
HG0546,शिवसहस्रनाम,शिवसहस्रनाम,विभिन्न आचार्य/परम्परा,"देवता-स्तुति, प्रार्थना, भक्ति र उपासना",स्तोत्र/कवच,भक्ति/उपासना
HG0547,गणेशसहस्रनाम,गणेशसहस्रनाम,विभिन्न आचार्य/परम्परा,"देवता-स्तुति, प्रार्थना, भक्ति र उपासना",स्तोत्र/कवच,भक्ति/उपासना
HG0548,सूर्यसहस्रनाम,सूर्यसहस्रनाम,विभिन्न आचार्य/परम्परा,"देवता-स्तुति, प्रार्थना, भक्ति र उपासना",स्तोत्र/कवच,भक्ति/उपासना
HG0549,दुर्गासहस्रनाम,दुर्गासहस्रनाम,विभिन्न आचार्य/परम्परा,"देवता-स्तुति, प्रार्थना, भक्ति र उपासना",स्तोत्र/कवच,भक्ति/उपासना
HG0550,लक्ष्मीसहस्रनाम,लक्ष्मीसहस्रनाम,विभिन्न आचार्य/परम्परा,"देवता-स्तुति, प्रार्थना, भक्ति र उपासना",स्तोत्र/कवच,भक्ति/उपासना
HG0551,सरस्वतीसहस्रनाम,सरस्वतीसहस्रनाम,विभिन्न आचार्य/परम्परा,"देवता-स्तुति, प्रार्थना, भक्ति र उपासना",स्तोत्र/कवच,भक्ति/उपासना
HG0552,हनुमत्सहस्रनाम,हनुमत्सहस्रनाम,विभिन्न आचार्य/परम्परा,"देवता-स्तुति, प्रार्थना, भक्ति र उपासना",स्तोत्र/कवच,भक्ति/उपासना
HG0553,कृष्णसहस्रनाम,कृष्णसहस्रनाम,विभिन्न आचार्य/परम्परा,"देवता-स्तुति, प्रार्थना, भक्ति र उपासना",स्तोत्र/कवच,भक्ति/उपासना
HG0554,रामसहस्रनाम,रामसहस्रनाम,विभिन्न आचार्य/परम्परा,"देवता-स्तुति, प्रार्थना, भक्ति र उपासना",स्तोत्र/कवच,भक्ति/उपासना
HG0555,स्कन्दसहस्रनाम,स्कन्दसहस्रनाम,विभिन्न आचार्य/परम्परा,"देवता-स्तुति, प्रार्थना, भक्ति र उपासना",स्तोत्र/कवच,भक्ति/उपासना
HG0556,नृसिंहसहस्रनाम,नृसिंहसहस्रनाम,विभिन्न आचार्य/परम्परा,"देवता-स्तुति, प्रार्थना, भक्ति र उपासना",स्तोत्र/कवच,भक्ति/उपासना
HG0557,दत्तात्रेयसहस्रनाम,दत्तात्रेयसहस्रनाम,विभिन्न आचार्य/परम्परा,"देवता-स्तुति, प्रार्थना, भक्ति र उपासना",स्तोत्र/कवच,भक्ति/उपासना
HG0558,आदित्यसहस्रनाम,आदित्यसहस्रनाम,विभिन्न आचार्य/परम्परा,"देवता-स्तुति, प्रार्थना, भक्ति र उपासना",स्तोत्र/कवच,भक्ति/उपासना
HG0559,गङ्गासहस्रनाम,गङ्गासहस्रनाम,विभिन्न आचार्य/परम्परा,"देवता-स्तुति, प्रार्थना, भक्ति र उपासना",स्तोत्र/कवच,भक्ति/उपासना
HG0560,गायत्रीसहस्रनाम,गायत्रीसहस्रनाम,विभिन्न आचार्य/परम्परा,"देवता-स्तुति, प्रार्थना, भक्ति र उपासना",स्तोत्र/कवच,भक्ति/उपासना
HG0561,पार्वतीसहस्रनाम,पार्वतीसहस्रनाम,विभिन्न आचार्य/परम्परा,"देवता-स्तुति, प्रार्थना, भक्ति र उपासना",स्तोत्र/कवच,भक्ति/उपासना
HG0562,अन्नपूर्णासहस्रनाम,अन्नपूर्णासहस्रनाम,विभिन्न आचार्य/परम्परा,"देवता-स्तुति, प्रार्थना, भक्ति र उपासना",स्तोत्र/कवच,भक्ति/उपासना
HG0563,भुवनेश्वरीसहस्रनाम,भुवनेश्वरीसहस्रनाम,विभिन्न आचार्य/परम्परा,"देवता-स्तुति, प्रार्थना, भक्ति र उपासना",स्तोत्र/कवच,भक्ति/उपासना
HG0564,त्रिपुरसुन्दरीसहस्रनाम,त्रिपुरसुन्दरीसहस्रनाम,विभिन्न आचार्य/परम्परा,"देवता-स्तुति, प्रार्थना, भक्ति र उपासना",स्तोत्र/कवच,भक्ति/उपासना
HG0565,शिवमहिम्नस्तोत्र,शिवमहिम्नस्तोत्र,विभिन्न आचार्य/परम्परा,"देवता-स्तुति, प्रार्थना, भक्ति र उपासना",स्तोत्र/कवच,भक्ति/उपासना
HG0566,शिवताण्डवस्तोत्र,शिवताण्डवस्तोत्र,विभिन्न आचार्य/परम्परा,"देवता-स्तुति, प्रार्थना, भक्ति र उपासना",स्तोत्र/कवच,भक्ति/उपासना
HG0567,बिल्वाष्टकम्,बिल्वाष्टकम्,विभिन्न आचार्य/परम्परा,"देवता-स्तुति, प्रार्थना, भक्ति र उपासना",स्तोत्र/कवच,भक्ति/उपासना
HG0568,लिङ्गाष्टकम्,लिङ्गाष्टकम्,विभिन्न आचार्य/परम्परा,"देवता-स्तुति, प्रार्थना, भक्ति र उपासना",स्तोत्र/कवच,भक्ति/उपासना
HG0569,रुद्राष्टकम्,रुद्राष्टकम्,विभिन्न आचार्य/परम्परा,"देवता-स्तुति, प्रार्थना, भक्ति र उपासना",स्तोत्र/कवच,भक्ति/उपासना
HG0570,शिवमानसपूजा,शिवमानसपूजा,विभिन्न आचार्य/परम्परा,"देवता-स्तुति, प्रार्थना, भक्ति र उपासना",स्तोत्र/कवच,भक्ति/उपासना
HG0571,दक्षिणामूर्तिस्तोत्र,दक्षिणामूर्तिस्तोत्र,विभिन्न आचार्य/परम्परा,"देवता-स्तुति, प्रार्थना, भक्ति र उपासना",स्तोत्र/कवच,भक्ति/उपासना
HG0572,कालभैरवाष्टकम्,कालभैरवाष्टकम्,विभिन्न आचार्य/परम्परा,"देवता-स्तुति, प्रार्थना, भक्ति र उपासना",स्तोत्र/कवच,भक्ति/उपासना
HG0573,निर्वाणषट्कम्,निर्वाणषट्कम्,विभिन्न आचार्य/परम्परा,"देवता-स्तुति, प्रार्थना, भक्ति र उपासना",स्तोत्र/कवच,भक्ति/उपासना
HG0574,शिवापराधक्षमापनस्तोत्र,शिवापराधक्षमापनस्तोत्र,विभिन्न आचार्य/परम्परा,"देवता-स्तुति, प्रार्थना, भक्ति र उपासना",स्तोत्र/कवच,भक्ति/उपासना
HG0575,दारिद्र्यदहनस्तोत्र,दारिद्र्यदहनस्तोत्र,विभिन्न आचार्य/परम्परा,"देवता-स्तुति, प्रार्थना, भक्ति र उपासना",स्तोत्र/कवच,भक्ति/उपासना
HG0576,चन्द्रशेखराष्टकम्,चन्द्रशेखराष्टकम्,विभिन्न आचार्य/परम्परा,"देवता-स्तुति, प्रार्थना, भक्ति र उपासना",स्तोत्र/कवच,भक्ति/उपासना
HG0577,उमामहेश्वरस्तोत्र,उमामहेश्वरस्तोत्र,विभिन्न आचार्य/परम्परा,"देवता-स्तुति, प्रार्थना, भक्ति र उपासना",स्तोत्र/कवच,भक्ति/उपासना
HG0578,अर्धनारीश्वरस्तोत्र,अर्धनारीश्वरस्तोत्र,विभिन्न आचार्य/परम्परा,"देवता-स्तुति, प्रार्थना, भक्ति र उपासना",स्तोत्र/कवच,भक्ति/उपासना
HG0579,महामृत्युञ्जयस्तोत्र,महामृत्युञ्जयस्तोत्र,विभिन्न आचार्य/परम्परा,"देवता-स्तुति, प्रार्थना, भक्ति र उपासना",स्तोत्र/कवच,भक्ति/उपासना
HG0580,पशुपतिनाथाष्टकम्,पशुपतिनाथाष्टकम्,विभिन्न आचार्य/परम्परा,"देवता-स्तुति, प्रार्थना, भक्ति र उपासना",स्तोत्र/कवच,भक्ति/उपासना
HG0581,भजगोविन्दम्,भजगोविन्दम्,विभिन्न आचार्य/परम्परा,"देवता-स्तुति, प्रार्थना, भक्ति र उपासना",स्तोत्र/कवच,भक्ति/उपासना
HG0582,विष्णुषट्पदी,विष्णुषट्पदी,विभिन्न आचार्य/परम्परा,"देवता-स्तुति, प्रार्थना, भक्ति र उपासना",स्तोत्र/कवच,भक्ति/उपासना
HG0583,गोविन्दाष्टकम्,गोविन्दाष्टकम्,विभिन्न आचार्य/परम्परा,"देवता-स्तुति, प्रार्थना, भक्ति र उपासना",स्तोत्र/कवच,भक्ति/उपासना
HG0584,अच्युताष्टकम्,अच्युताष्टकम्,विभिन्न आचार्य/परम्परा,"देवता-स्तुति, प्रार्थना, भक्ति र उपासना",स्तोत्र/कवच,भक्ति/उपासना
HG0585,कृष्णाष्टकम्,कृष्णाष्टकम्,विभिन्न आचार्य/परम्परा,"देवता-स्तुति, प्रार्थना, भक्ति र उपासना",स्तोत्र/कवच,भक्ति/उपासना
HG0586,मधुराष्टकम्,मधुराष्टकम्,विभिन्न आचार्य/परम्परा,"देवता-स्तुति, प्रार्थना, भक्ति र उपासना",स्तोत्र/कवच,भक्ति/उपासना
HG0587,दामोदराष्टकम्,दामोदराष्टकम्,विभिन्न आचार्य/परम्परा,"देवता-स्तुति, प्रार्थना, भक्ति र उपासना",स्तोत्र/कवच,भक्ति/उपासना
HG0588,गोविन्ददामोदरस्तोत्रम्,गोविन्ददामोदरस्तोत्रम्,विभिन्न आचार्य/परम्परा,"देवता-स्तुति, प्रार्थना, भक्ति र उपासना",स्तोत्र/कवच,भक्ति/उपासना
HG0589,मुकुन्दमाला,मुकुन्दमाला,विभिन्न आचार्य/परम्परा,"देवता-स्तुति, प्रार्थना, भक्ति र उपासना",स्तोत्र/कवच,भक्ति/उपासना
HG0590,स्तोत्रम्,स्तोत्रम्,विभिन्न आचार्य/परम्परा,"देवता-स्तुति, प्रार्थना, भक्ति र उपासना",स्तोत्र/कवच,भक्ति/उपासना
HG0591,नारायणकवचम्,नारायणकवचम्,विभिन्न आचार्य/परम्परा,"देवता-स्तुति, प्रार्थना, भक्ति र उपासना",स्तोत्र/कवच,भक्ति/उपासना
HG0592,विष्णुपञ्जरस्तोत्रम्,विष्णुपञ्जरस्तोत्रम्,विभिन्न आचार्य/परम्परा,"देवता-स्तुति, प्रार्थना, भक्ति र उपासना",स्तोत्र/कवच,भक्ति/उपासना
HG0593,गरुडध्वजस्तोत्रम्,गरुडध्वजस्तोत्रम्,विभिन्न आचार्य/परम्परा,"देवता-स्तुति, प्रार्थना, भक्ति र उपासना",स्तोत्र/कवच,भक्ति/उपासना
HG0594,लक्ष्मीनृसिंहकरावलम्बस्तोत्रम्,लक्ष्मीनृसिंहकरावलम्बस्तोत्रम्,विभिन्न आचार्य/परम्परा,"देवता-स्तुति, प्रार्थना, भक्ति र उपासना",स्तोत्र/कवच,भक्ति/उपासना
HG0595,नृसिंहकवचम्,नृसिंहकवचम्,विभिन्न आचार्य/परम्परा,"देवता-स्तुति, प्रार्थना, भक्ति र उपासना",स्तोत्र/कवच,भक्ति/उपासना
HG0596,नृसिंहाष्टकम्,नृसिंहाष्टकम्,विभिन्न आचार्य/परम्परा,"देवता-स्तुति, प्रार्थना, भक्ति र उपासना",स्तोत्र/कवच,भक्ति/उपासना
HG0597,रामरक्षास्तोत्रम्,रामरक्षास्तोत्रम्,विभिन्न आचार्य/परम्परा,"देवता-स्तुति, प्रार्थना, भक्ति र उपासना",स्तोत्र/कवच,भक्ति/उपासना
HG0598,रामाष्टकम्,रामाष्टकम्,विभिन्न आचार्य/परम्परा,"देवता-स्तुति, प्रार्थना, भक्ति र उपासना",स्तोत्र/कवच,भक्ति/उपासना
HG0599,रामभुजङ्गप्रयातस्तोत्रम्,रामभुजङ्गप्रयातस्तोत्रम्,विभिन्न आचार्य/परम्परा,"देवता-स्तुति, प्रार्थना, भक्ति र उपासना",स्तोत्र/कवच,भक्ति/उपासना
HG0600,आदित्यहृदयम्,आदित्यहृदयम्,विभिन्न आचार्य/परम्परा,"देवता-स्तुति, प्रार्थना, भक्ति र उपासना",स्तोत्र/कवच,भक्ति/उपासना
HG0601,सूर्याष्टकम्,सूर्याष्टकम्,विभिन्न आचार्य/परम्परा,"देवता-स्तुति, प्रार्थना, भक्ति र उपासना",स्तोत्र/कवच,भक्ति/उपासना
HG0602,सूर्यकवचम्,सूर्यकवचम्,विभिन्न आचार्य/परम्परा,"देवता-स्तुति, प्रार्थना, भक्ति र उपासना",स्तोत्र/कवच,भक्ति/उपासना
HG0603,नवग्रहस्तोत्रम्,नवग्रहस्तोत्रम्,विभिन्न आचार्य/परम्परा,"देवता-स्तुति, प्रार्थना, भक्ति र उपासना",स्तोत्र/कवच,भक्ति/उपासना
HG0604,नवग्रहकवचम्,नवग्रहकवचम्,विभिन्न आचार्य/परम्परा,"देवता-स्तुति, प्रार्थना, भक्ति र उपासना",स्तोत्र/कवच,भक्ति/उपासना
HG0605,हनुमानचालीसा,हनुमानचालीसा,विभिन्न आचार्य/परम्परा,"देवता-स्तुति, प्रार्थना, भक्ति र उपासना",स्तोत्र/कवच,भक्ति/उपासना
HG0606,हनुमद्भुजङ्गम्,हनुमद्भुजङ्गम्,विभिन्न आचार्य/परम्परा,"देवता-स्तुति, प्रार्थना, भक्ति र उपासना",स्तोत्र/कवच,भक्ति/उपासना
HG0607,हनुमानाष्टकम्,हनुमानाष्टकम्,विभिन्न आचार्य/परम्परा,"देवता-स्तुति, प्रार्थना, भक्ति र उपासना",स्तोत्र/कवच,भक्ति/उपासना
HG0608,बजरङ्गबाण,बजरङ्गबाण,विभिन्न आचार्य/परम्परा,"देवता-स्तुति, प्रार्थना, भक्ति र उपासना",स्तोत्र/कवच,भक्ति/उपासना
HG0609,हनुमत्पञ्चरत्नम्,हनुमत्पञ्चरत्नम्,विभिन्न आचार्य/परम्परा,"देवता-स्तुति, प्रार्थना, भक्ति र उपासना",स्तोत्र/कवच,भक्ति/उपासना
HG0610,सङ्कटनाशनगणेशस्तोत्रम्,सङ्कटनाशनगणेशस्तोत्रम्,विभिन्न आचार्य/परम्परा,"देवता-स्तुति, प्रार्थना, भक्ति र उपासना",स्तोत्र/कवच,भक्ति/उपासना
HG0611,गणेशपञ्चरत्नम्,गणेशपञ्चरत्नम्,विभिन्न आचार्य/परम्परा,"देवता-स्तुति, प्रार्थना, भक्ति र उपासना",स्तोत्र/कवच,भक्ति/उपासना
HG0612,गणेशभुजङ्गम्,गणेशभुजङ्गम्,विभिन्न आचार्य/परम्परा,"देवता-स्तुति, प्रार्थना, भक्ति र उपासना",स्तोत्र/कवच,भक्ति/उपासना
HG0613,गणेशाष्टकम्,गणेशाष्टकम्,विभिन्न आचार्य/परम्परा,"देवता-स्तुति, प्रार्थना, भक्ति र उपासना",स्तोत्र/कवच,भक्ति/उपासना
HG0614,गणपत्यथर्वशीर्षम्,गणपत्यथर्वशीर्षम्,विभिन्न आचार्य/परम्परा,"देवता-स्तुति, प्रार्थना, भक्ति र उपासना",स्तोत्र/कवच,भक्ति/उपासना
HG0615,गणेशमानसपूजा,गणेशमानसपूजा,विभिन्न आचार्य/परम्परा,"देवता-स्तुति, प्रार्थना, भक्ति र उपासना",स्तोत्र/कवच,भक्ति/उपासना
HG0616,गणेशद्वादशनामस्तोत्रम्,गणेशद्वादशनामस्तोत्रम्,विभिन्न आचार्य/परम्परा,"देवता-स्तुति, प्रार्थना, भक्ति र उपासना",स्तोत्र/कवच,भक्ति/उपासना
HG0617,सिद्धिविनायकस्तोत्रम्,सिद्धिविनायकस्तोत्रम्,विभिन्न आचार्य/परम्परा,"देवता-स्तुति, प्रार्थना, भक्ति र उपासना",स्तोत्र/कवच,भक्ति/उपासना
HG0618,दुर्गाकवचम्,दुर्गाकवचम्,विभिन्न आचार्य/परम्परा,"देवता-स्तुति, प्रार्थना, भक्ति र उपासना",स्तोत्र/कवच,भक्ति/उपासना
HG0619,देवीकवचम्,देवीकवचम्,विभिन्न आचार्य/परम्परा,"देवता-स्तुति, प्रार्थना, भक्ति र उपासना",स्तोत्र/कवच,भक्ति/उपासना
HG0620,अर्गलास्तोत्रम्,अर्गलास्तोत्रम्,विभिन्न आचार्य/परम्परा,"देवता-स्तुति, प्रार्थना, भक्ति र उपासना",स्तोत्र/कवच,भक्ति/उपासना
HG0621,कीलकस्तोत्रम्,कीलकस्तोत्रम्,विभिन्न आचार्य/परम्परा,"देवता-स्तुति, प्रार्थना, भक्ति र उपासना",स्तोत्र/कवच,भक्ति/उपासना
HG0622,देवीसूक्तम्,देवीसूक्तम्,विभिन्न आचार्य/परम्परा,"देवता-स्तुति, प्रार्थना, भक्ति र उपासना",स्तोत्र/कवच,भक्ति/उपासना
HG0623,रात्रिसूक्तम्,रात्रिसूक्तम्,विभिन्न आचार्य/परम्परा,"देवता-स्तुति, प्रार्थना, भक्ति र उपासना",स्तोत्र/कवच,भक्ति/उपासना
HG0624,सिद्धिकुञ्जिकास्तोत्रम्,सिद्धिकुञ्जिकास्तोत्रम्,विभिन्न आचार्य/परम्परा,"देवता-स्तुति, प्रार्थना, भक्ति र उपासना",स्तोत्र/कवच,भक्ति/उपासना
HG0625,महिषासुरमर्दिनिस्तोत्रम्,महिषासुरमर्दिनिस्तोत्रम्,विभिन्न आचार्य/परम्परा,"देवता-स्तुति, प्रार्थना, भक्ति र उपासना",स्तोत्र/कवच,भक्ति/उपासना
HG0626,दुर्गाष्टोत्तरशतनामस्तोत्रम्,दुर्गाष्टोत्तरशतनामस्तोत्रम्,विभिन्न आचार्य/परम्परा,"देवता-स्तुति, प्रार्थना, भक्ति र उपासना",स्तोत्र/कवच,भक्ति/उपासना
HG0627,दुर्गापञ्जरम्,दुर्गापञ्जरम्,विभिन्न आचार्य/परम्परा,"देवता-स्तुति, प्रार्थना, भक्ति र उपासना",स्तोत्र/कवच,भक्ति/उपासना
HG0628,अन्नपूर्णाष्टकम्,अन्नपूर्णाष्टकम्,विभिन्न आचार्य/परम्परा,"देवता-स्तुति, प्रार्थना, भक्ति र उपासना",स्तोत्र/कवच,भक्ति/उपासना
HG0629,भवान्यष्टकम्,भवान्यष्टकम्,विभिन्न आचार्य/परम्परा,"देवता-स्तुति, प्रार्थना, भक्ति र उपासना",स्तोत्र/कवच,भक्ति/उपासना
HG0630,भवानीभुजङ्गम्,भवानीभुजङ्गम्,विभिन्न आचार्य/परम्परा,"देवता-स्तुति, प्रार्थना, भक्ति र उपासना",स्तोत्र/कवच,भक्ति/उपासना
HG0631,कालिकाष्टकम्,कालिकाष्टकम्,विभिन्न आचार्य/परम्परा,"देवता-स्तुति, प्रार्थना, भक्ति र उपासना",स्तोत्र/कवच,भक्ति/उपासना
HG0632,कालिकाकवचम्,कालिकाकवचम्,विभिन्न आचार्य/परम्परा,"देवता-स्तुति, प्रार्थना, भक्ति र उपासना",स्तोत्र/कवच,भक्ति/उपासना
HG0633,भद्रकालीस्तोत्रम्,भद्रकालीस्तोत्रम्,विभिन्न आचार्य/परम्परा,"देवता-स्तुति, प्रार्थना, भक्ति र उपासना",स्तोत्र/कवच,भक्ति/उपासना
HG0634,लक्ष्म्यष्टकम्,लक्ष्म्यष्टकम्,विभिन्न आचार्य/परम्परा,"देवता-स्तुति, प्रार्थना, भक्ति र उपासना",स्तोत्र/कवच,भक्ति/उपासना
HG0635,कनकधारास्तोत्रम्,कनकधारास्तोत्रम्,विभिन्न आचार्य/परम्परा,"देवता-स्तुति, प्रार्थना, भक्ति र उपासना",स्तोत्र/कवच,भक्ति/उपासना
HG0636,श्रीसूक्तम्,श्रीसूक्तम्,विभिन्न आचार्य/परम्परा,"देवता-स्तुति, प्रार्थना, भक्ति र उपासना",स्तोत्र/कवच,भक्ति/उपासना
HG0637,लक्ष्मीस्तोत्रम्,लक्ष्मीस्तोत्रम्,विभिन्न आचार्य/परम्परा,"देवता-स्तुति, प्रार्थना, भक्ति र उपासना",स्तोत्र/कवच,भक्ति/उपासना
HG0638,लक्ष्मीअष्टोत्तरशतनामस्तोत्रम्,लक्ष्मीअष्टोत्तरशतनामस्तोत्रम्,विभिन्न आचार्य/परम्परा,"देवता-स्तुति, प्रार्थना, भक्ति र उपासना",स्तोत्र/कवच,भक्ति/उपासना
HG0639,सरस्वतीस्तोत्रम्,सरस्वतीस्तोत्रम्,विभिन्न आचार्य/परम्परा,"देवता-स्तुति, प्रार्थना, भक्ति र उपासना",स्तोत्र/कवच,भक्ति/उपासना
HG0640,सरस्वत्यष्टकम्,सरस्वत्यष्टकम्,विभिन्न आचार्य/परम्परा,"देवता-स्तुति, प्रार्थना, भक्ति र उपासना",स्तोत्र/कवच,भक्ति/उपासना
HG0641,सरस्वतीकवचम्,सरस्वतीकवचम्,विभिन्न आचार्य/परम्परा,"देवता-स्तुति, प्रार्थना, भक्ति र उपासना",स्तोत्र/कवच,भक्ति/उपासना
HG0642,मेधासूक्तम्,मेधासूक्तम्,विभिन्न आचार्य/परम्परा,"देवता-स्तुति, प्रार्थना, भक्ति र उपासना",स्तोत्र/कवच,भक्ति/उपासना
HG0643,गायत्रीस्तोत्रम्,गायत्रीस्तोत्रम्,विभिन्न आचार्य/परम्परा,"देवता-स्तुति, प्रार्थना, भक्ति र उपासना",स्तोत्र/कवच,भक्ति/उपासना
HG0644,गायत्रीकवचम्,गायत्रीकवचम्,विभिन्न आचार्य/परम्परा,"देवता-स्तुति, प्रार्थना, भक्ति र उपासना",स्तोत्र/कवच,भक्ति/उपासना
HG0645,गङ्गालहरी,गङ्गालहरी,विभिन्न आचार्य/परम्परा,"देवता-स्तुति, प्रार्थना, भक्ति र उपासना",स्तोत्र/कवच,भक्ति/उपासना
HG0646,गङ्गाष्टकम्,गङ्गाष्टकम्,विभिन्न आचार्य/परम्परा,"देवता-स्तुति, प्रार्थना, भक्ति र उपासना",स्तोत्र/कवच,भक्ति/उपासना
HG0647,यमुनाष्टकम्,यमुनाष्टकम्,विभिन्न आचार्य/परम्परा,"देवता-स्तुति, प्रार्थना, भक्ति र उपासना",स्तोत्र/कवच,भक्ति/उपासना
HG0648,नर्मदाष्टकम्,नर्मदाष्टकम्,विभिन्न आचार्य/परम्परा,"देवता-स्तुति, प्रार्थना, भक्ति र उपासना",स्तोत्र/कवच,भक्ति/उपासना
HG0649,गोदावरीस्तोत्रम्,गोदावरीस्तोत्रम्,विभिन्न आचार्य/परम्परा,"देवता-स्तुति, प्रार्थना, भक्ति र उपासना",स्तोत्र/कवच,भक्ति/उपासना
HG0650,नवदुर्गास्तोत्रम्,नवदुर्गास्तोत्रम्,विभिन्न आचार्य/परम्परा,"देवता-स्तुति, प्रार्थना, भक्ति र उपासना",स्तोत्र/कवच,भक्ति/उपासना
HG0651,नवदुर्गाकवचम्,नवदुर्गाकवचम्,विभिन्न आचार्य/परम्परा,"देवता-स्तुति, प्रार्थना, भक्ति र उपासना",स्तोत्र/कवच,भक्ति/उपासना
HG0652,कार्तिकेयस्तोत्रम्,कार्तिकेयस्तोत्रम्,विभिन्न आचार्य/परम्परा,"देवता-स्तुति, प्रार्थना, भक्ति र उपासना",स्तोत्र/कवच,भक्ति/उपासना
HG0653,सुब्रह्मण्यभुजङ्गम्,सुब्रह्मण्यभुजङ्गम्,विभिन्न आचार्य/परम्परा,"देवता-स्तुति, प्रार्थना, भक्ति र उपासना",स्तोत्र/कवच,भक्ति/उपासना
HG0654,षडाननस्तोत्रम्,षडाननस्तोत्रम्,विभिन्न आचार्य/परम्परा,"देवता-स्तुति, प्रार्थना, भक्ति र उपासना",स्तोत्र/कवच,भक्ति/उपासना
HG0655,कुमाराष्टकम्,कुमाराष्टकम्,विभिन्न आचार्य/परम्परा,"देवता-स्तुति, प्रार्थना, भक्ति र उपासना",स्तोत्र/कवच,भक्ति/उपासना
HG0656,शरणागतिकद्यम्,शरणागतिकद्यम्,विभिन्न आचार्य/परम्परा,"देवता-स्तुति, प्रार्थना, भक्ति र उपासना",स्तोत्र/कवच,भक्ति/उपासना
HG0657,श्रीरङ्गनाथस्तोत्रम्,श्रीरङ्गनाथस्तोत्रम्,विभिन्न आचार्य/परम्परा,"देवता-स्तुति, प्रार्थना, भक्ति र उपासना",स्तोत्र/कवच,भक्ति/उपासना
HG0658,श्रीरङ्गराजस्तोत्रम्,श्रीरङ्गराजस्तोत्रम्,विभिन्न आचार्य/परम्परा,"देवता-स्तुति, प्रार्थना, भक्ति र उपासना",स्तोत्र/कवच,भक्ति/उपासना
HG0659,स्तोत्ररत्नम्,स्तोत्ररत्नम्,विभिन्न आचार्य/परम्परा,"देवता-स्तुति, प्रार्थना, भक्ति र उपासना",स्तोत्र/कवच,भक्ति/उपासना
HG0660,दयाशतकम्,दयाशतकम्,विभिन्न आचार्य/परम्परा,"देवता-स्तुति, प्रार्थना, भक्ति र उपासना",स्तोत्र/कवच,भक्ति/उपासना
HG0661,गरुडदण्डकम्,गरुडदण्डकम्,विभिन्न आचार्य/परम्परा,"देवता-स्तुति, प्रार्थना, भक्ति र उपासना",स्तोत्र/कवच,भक्ति/उपासना
HG0662,गोपालविंशतिः,गोपालविंशतिः,विभिन्न आचार्य/परम्परा,"देवता-स्तुति, प्रार्थना, भक्ति र उपासना",स्तोत्र/कवच,भक्ति/उपासना
HG0663,यतिराजसप्ततिः,यतिराजसप्ततिः,विभिन्न आचार्य/परम्परा,"देवता-स्तुति, प्रार्थना, भक्ति र उपासना",स्तोत्र/कवच,भक्ति/उपासना
HG0664,पादुकासहस्रम्,पादुकासहस्रम्,विभिन्न आचार्य/परम्परा,"देवता-स्तुति, प्रार्थना, भक्ति र उपासना",स्तोत्र/कवच,भक्ति/उपासना
HG0665,श्रीस्तुतिः,श्रीस्तुतिः,विभिन्न आचार्य/परम्परा,"देवता-स्तुति, प्रार्थना, भक्ति र उपासना",स्तोत्र/कवच,भक्ति/उपासना
HG0666,भूमिस्तुतिः,भूमिस्तुतिः,विभिन्न आचार्य/परम्परा,"देवता-स्तुति, प्रार्थना, भक्ति र उपासना",स्तोत्र/कवच,भक्ति/उपासना
HG0667,गोदास्तुतिः,गोदास्तुतिः,विभिन्न आचार्य/परम्परा,"देवता-स्तुति, प्रार्थना, भक्ति र उपासना",स्तोत्र/कवच,भक्ति/उपासना
HG0668,हयग्रीवस्तोत्रम्,हयग्रीवस्तोत्रम्,विभिन्न आचार्य/परम्परा,"देवता-स्तुति, प्रार्थना, भक्ति र उपासना",स्तोत्र/कवच,भक्ति/उपासना
HG0669,कामासिकाष्टकम्,कामासिकाष्टकम्,विभिन्न आचार्य/परम्परा,"देवता-स्तुति, प्रार्थना, भक्ति र उपासना",स्तोत्र/कवच,भक्ति/उपासना
HG0670,रामायण,रामायण,विभिन्न ऋषि/कवि/आचार्य,"काव्य, नाटक, रस, अलङ्कार, आख्यान र भक्तिसाहित्य",काव्य/नाट्यग्रन्थ,संस्कृत साहित्य
HG0671,महाभारत,महाभारत,विभिन्न ऋषि/कवि/आचार्य,"काव्य, नाटक, रस, अलङ्कार, आख्यान र भक्तिसाहित्य",काव्य/नाट्यग्रन्थ,संस्कृत साहित्य
HG0672,भगवद्गीता,भगवद्गीता,विभिन्न ऋषि/कवि/आचार्य,"काव्य, नाटक, रस, अलङ्कार, आख्यान र भक्तिसाहित्य",काव्य/नाट्यग्रन्थ,संस्कृत साहित्य
HG0673,हरिवंश,हरिवंश,विभिन्न ऋषि/कवि/आचार्य,"काव्य, नाटक, रस, अलङ्कार, आख्यान र भक्तिसाहित्य",काव्य/नाट्यग्रन्थ,संस्कृत साहित्य
HG0674,अनुगीता,अनुगीता,विभिन्न ऋषि/कवि/आचार्य,"काव्य, नाटक, रस, अलङ्कार, आख्यान र भक्तिसाहित्य",काव्य/नाट्यग्रन्थ,संस्कृत साहित्य
HG0675,रामोपाख्यान,रामोपाख्यान,विभिन्न ऋषि/कवि/आचार्य,"काव्य, नाटक, रस, अलङ्कार, आख्यान र भक्तिसाहित्य",काव्य/नाट्यग्रन्थ,संस्कृत साहित्य
HG0676,शिवगीता,शिवगीता,विभिन्न ऋषि/कवि/आचार्य,"काव्य, नाटक, रस, अलङ्कार, आख्यान र भक्तिसाहित्य",काव्य/नाट्यग्रन्थ,संस्कृत साहित्य
HG0677,देवीगीता,देवीगीता,विभिन्न ऋषि/कवि/आचार्य,"काव्य, नाटक, रस, अलङ्कार, आख्यान र भक्तिसाहित्य",काव्य/नाट्यग्रन्थ,संस्कृत साहित्य
HG0678,उद्धवगीता,उद्धवगीता,विभिन्न ऋषि/कवि/आचार्य,"काव्य, नाटक, रस, अलङ्कार, आख्यान र भक्तिसाहित्य",काव्य/नाट्यग्रन्थ,संस्कृत साहित्य
HG0679,अवधूतगीता,अवधूतगीता,विभिन्न ऋषि/कवि/आचार्य,"काव्य, नाटक, रस, अलङ्कार, आख्यान र भक्तिसाहित्य",काव्य/नाट्यग्रन्थ,संस्कृत साहित्य
HG0680,अष्टावक्रगीता,अष्टावक्रगीता,विभिन्न ऋषि/कवि/आचार्य,"काव्य, नाटक, रस, अलङ्कार, आख्यान र भक्तिसाहित्य",काव्य/नाट्यग्रन्थ,संस्कृत साहित्य
HG0681,उत्तरगीता,उत्तरगीता,विभिन्न ऋषि/कवि/आचार्य,"काव्य, नाटक, रस, अलङ्कार, आख्यान र भक्तिसाहित्य",काव्य/नाट्यग्रन्थ,संस्कृत साहित्य
HG0682,हंसगीता,हंसगीता,विभिन्न ऋषि/कवि/आचार्य,"काव्य, नाटक, रस, अलङ्कार, आख्यान र भक्तिसाहित्य",काव्य/नाट्यग्रन्थ,संस्कृत साहित्य
HG0683,ईश्वरगीता,ईश्वरगीता,विभिन्न ऋषि/कवि/आचार्य,"काव्य, नाटक, रस, अलङ्कार, आख्यान र भक्तिसाहित्य",काव्य/नाट्यग्रन्थ,संस्कृत साहित्य
HG0684,कपिलगीता,कपिलगीता,विभिन्न ऋषि/कवि/आचार्य,"काव्य, नाटक, रस, अलङ्कार, आख्यान र भक्तिसाहित्य",काव्य/नाट्यग्रन्थ,संस्कृत साहित्य
HG0685,पाण्डवगीता,पाण्डवगीता,विभिन्न ऋषि/कवि/आचार्य,"काव्य, नाटक, रस, अलङ्कार, आख्यान र भक्तिसाहित्य",काव्य/नाट्यग्रन्थ,संस्कृत साहित्य
HG0686,गणेशगीता,गणेशगीता,विभिन्न ऋषि/कवि/आचार्य,"काव्य, नाटक, रस, अलङ्कार, आख्यान र भक्तिसाहित्य",काव्य/नाट्यग्रन्थ,संस्कृत साहित्य
HG0687,व्यासगीता,व्यासगीता,विभिन्न ऋषि/कवि/आचार्य,"काव्य, नाटक, रस, अलङ्कार, आख्यान र भक्तिसाहित्य",काव्य/नाट्यग्रन्थ,संस्कृत साहित्य
HG0688,परमहंसगीता,परमहंसगीता,विभिन्न ऋषि/कवि/आचार्य,"काव्य, नाटक, रस, अलङ्कार, आख्यान र भक्तिसाहित्य",काव्य/नाट्यग्रन्थ,संस्कृत साहित्य
HG0689,ब्रह्मगीता,ब्रह्मगीता,विभिन्न ऋषि/कवि/आचार्य,"काव्य, नाटक, रस, अलङ्कार, आख्यान र भक्तिसाहित्य",काव्य/नाट्यग्रन्थ,संस्कृत साहित्य
HG0690,रुद्रगीता,रुद्रगीता,विभिन्न ऋषि/कवि/आचार्य,"काव्य, नाटक, रस, अलङ्कार, आख्यान र भक्तिसाहित्य",काव्य/नाट्यग्रन्थ,संस्कृत साहित्य
HG0691,सूर्यगीता,सूर्यगीता,विभिन्न ऋषि/कवि/आचार्य,"काव्य, नाटक, रस, अलङ्कार, आख्यान र भक्तिसाहित्य",काव्य/नाट्यग्रन्थ,संस्कृत साहित्य
HG0692,गोपीगीता,गोपीगीता,विभिन्न ऋषि/कवि/आचार्य,"काव्य, नाटक, रस, अलङ्कार, आख्यान र भक्तिसाहित्य",काव्य/नाट्यग्रन्थ,संस्कृत साहित्य
HG0693,रामचरितमानस,रामचरितमानस,विभिन्न ऋषि/कवि/आचार्य,"काव्य, नाटक, रस, अलङ्कार, आख्यान र भक्तिसाहित्य",काव्य/नाट्यग्रन्थ,संस्कृत साहित्य
HG0694,अध्यात्मरामायण,अध्यात्मरामायण,विभिन्न ऋषि/कवि/आचार्य,"काव्य, नाटक, रस, अलङ्कार, आख्यान र भक्तिसाहित्य",काव्य/नाट्यग्रन्थ,संस्कृत साहित्य
HG0695,आनन्दरामायण,आनन्दरामायण,विभिन्न ऋषि/कवि/आचार्य,"काव्य, नाटक, रस, अलङ्कार, आख्यान र भक्तिसाहित्य",काव्य/नाट्यग्रन्थ,संस्कृत साहित्य
HG0696,अद्भुतरामायण,अद्भुतरामायण,विभिन्न ऋषि/कवि/आचार्य,"काव्य, नाटक, रस, अलङ्कार, आख्यान र भक्तिसाहित्य",काव्य/नाट्यग्रन्थ,संस्कृत साहित्य
HG0697,योगवासिष्ठ,योगवासिष्ठ,विभिन्न ऋषि/कवि/आचार्य,"काव्य, नाटक, रस, अलङ्कार, आख्यान र भक्तिसाहित्य",काव्य/नाट्यग्रन्थ,संस्कृत साहित्य
HG0698,लघुयोगवासिष्ठ,लघुयोगवासिष्ठ,विभिन्न ऋषि/कवि/आचार्य,"काव्य, नाटक, रस, अलङ्कार, आख्यान र भक्तिसाहित्य",काव्य/नाट्यग्रन्थ,संस्कृत साहित्य
HG0699,रघुवंश,रघुवंश,विभिन्न ऋषि/कवि/आचार्य,"काव्य, नाटक, रस, अलङ्कार, आख्यान र भक्तिसाहित्य",काव्य/नाट्यग्रन्थ,संस्कृत साहित्य
HG0700,कुमारसम्भव,कुमारसम्भव,विभिन्न ऋषि/कवि/आचार्य,"काव्य, नाटक, रस, अलङ्कार, आख्यान र भक्तिसाहित्य",काव्य/नाट्यग्रन्थ,संस्कृत साहित्य
HG0701,मेघदूत,मेघदूत,विभिन्न ऋषि/कवि/आचार्य,"काव्य, नाटक, रस, अलङ्कार, आख्यान र भक्तिसाहित्य",काव्य/नाट्यग्रन्थ,संस्कृत साहित्य
HG0702,ऋतुसंहार,ऋतुसंहार,विभिन्न ऋषि/कवि/आचार्य,"काव्य, नाटक, रस, अलङ्कार, आख्यान र भक्तिसाहित्य",काव्य/नाट्यग्रन्थ,संस्कृत साहित्य
HG0703,अभिज्ञानशाकुन्तल,अभिज्ञानशाकुन्तल,विभिन्न ऋषि/कवि/आचार्य,"काव्य, नाटक, रस, अलङ्कार, आख्यान र भक्तिसाहित्य",काव्य/नाट्यग्रन्थ,संस्कृत साहित्य
HG0704,मालविकाग्निमित्र,मालविकाग्निमित्र,विभिन्न ऋषि/कवि/आचार्य,"काव्य, नाटक, रस, अलङ्कार, आख्यान र भक्तिसाहित्य",काव्य/नाट्यग्रन्थ,संस्कृत साहित्य
HG0705,विक्रमोर्वशीय,विक्रमोर्वशीय,विभिन्न ऋषि/कवि/आचार्य,"काव्य, नाटक, रस, अलङ्कार, आख्यान र भक्तिसाहित्य",काव्य/नाट्यग्रन्थ,संस्कृत साहित्य
HG0706,किरातार्जुनीय,किरातार्जुनीय,विभिन्न ऋषि/कवि/आचार्य,"काव्य, नाटक, रस, अलङ्कार, आख्यान र भक्तिसाहित्य",काव्य/नाट्यग्रन्थ,संस्कृत साहित्य
HG0707,शिशुपालवध,शिशुपालवध,विभिन्न ऋषि/कवि/आचार्य,"काव्य, नाटक, रस, अलङ्कार, आख्यान र भक्तिसाहित्य",काव्य/नाट्यग्रन्थ,संस्कृत साहित्य
HG0708,नैषधचरित,नैषधचरित,विभिन्न ऋषि/कवि/आचार्य,"काव्य, नाटक, रस, अलङ्कार, आख्यान र भक्तिसाहित्य",काव्य/नाट्यग्रन्थ,संस्कृत साहित्य
HG0709,भट्टिकाव्य,भट्टिकाव्य,विभिन्न ऋषि/कवि/आचार्य,"काव्य, नाटक, रस, अलङ्कार, आख्यान र भक्तिसाहित्य",काव्य/नाट्यग्रन्थ,संस्कृत साहित्य
HG0710,जानकीहरण,जानकीहरण,विभिन्न ऋषि/कवि/आचार्य,"काव्य, नाटक, रस, अलङ्कार, आख्यान र भक्तिसाहित्य",काव्य/नाट्यग्रन्थ,संस्कृत साहित्य
HG0711,हरविजय,हरविजय,विभिन्न ऋषि/कवि/आचार्य,"काव्य, नाटक, रस, अलङ्कार, आख्यान र भक्तिसाहित्य",काव्य/नाट्यग्रन्थ,संस्कृत साहित्य
HG0712,बुद्धचरित,बुद्धचरित,विभिन्न ऋषि/कवि/आचार्य,"काव्य, नाटक, रस, अलङ्कार, आख्यान र भक्तिसाहित्य",काव्य/नाट्यग्रन्थ,संस्कृत साहित्य
HG0713,सौन्दरानन्द,सौन्दरानन्द,विभिन्न ऋषि/कवि/आचार्य,"काव्य, नाटक, रस, अलङ्कार, आख्यान र भक्तिसाहित्य",काव्य/नाट्यग्रन्थ,संस्कृत साहित्य
HG0714,कादम्बरी,कादम्बरी,विभिन्न ऋषि/कवि/आचार्य,"काव्य, नाटक, रस, अलङ्कार, आख्यान र भक्तिसाहित्य",काव्य/नाट्यग्रन्थ,संस्कृत साहित्य
HG0715,दशकुमारचरित,दशकुमारचरित,विभिन्न ऋषि/कवि/आचार्य,"काव्य, नाटक, रस, अलङ्कार, आख्यान र भक्तिसाहित्य",काव्य/नाट्यग्रन्थ,संस्कृत साहित्य
HG0716,हर्षचरित,हर्षचरित,विभिन्न ऋषि/कवि/आचार्य,"काव्य, नाटक, रस, अलङ्कार, आख्यान र भक्तिसाहित्य",काव्य/नाट्यग्रन्थ,संस्कृत साहित्य
HG0717,मृच्छकटिक,मृच्छकटिक,विभिन्न ऋषि/कवि/आचार्य,"काव्य, नाटक, रस, अलङ्कार, आख्यान र भक्तिसाहित्य",काव्य/नाट्यग्रन्थ,संस्कृत साहित्य
HG0718,मुद्राराक्षस,मुद्राराक्षस,विभिन्न ऋषि/कवि/आचार्य,"काव्य, नाटक, रस, अलङ्कार, आख्यान र भक्तिसाहित्य",काव्य/नाट्यग्रन्थ,संस्कृत साहित्य
HG0719,स्वप्नवासवदत्त,स्वप्नवासवदत्त,विभिन्न ऋषि/कवि/आचार्य,"काव्य, नाटक, रस, अलङ्कार, आख्यान र भक्तिसाहित्य",काव्य/नाट्यग्रन्थ,संस्कृत साहित्य
HG0720,प्रतिज्ञायौगन्धरायण,प्रतिज्ञायौगन्धरायण,विभिन्न ऋषि/कवि/आचार्य,"काव्य, नाटक, रस, अलङ्कार, आख्यान र भक्तिसाहित्य",काव्य/नाट्यग्रन्थ,संस्कृत साहित्य
HG0721,रत्नावली,रत्नावली,विभिन्न ऋषि/कवि/आचार्य,"काव्य, नाटक, रस, अलङ्कार, आख्यान र भक्तिसाहित्य",काव्य/नाट्यग्रन्थ,संस्कृत साहित्य
HG0722,नागानन्द,नागानन्द,विभिन्न ऋषि/कवि/आचार्य,"काव्य, नाटक, रस, अलङ्कार, आख्यान र भक्तिसाहित्य",काव्य/नाट्यग्रन्थ,संस्कृत साहित्य
HG0723,प्रियदर्शिका,प्रियदर्शिका,विभिन्न ऋषि/कवि/आचार्य,"काव्य, नाटक, रस, अलङ्कार, आख्यान र भक्तिसाहित्य",काव्य/नाट्यग्रन्थ,संस्कृत साहित्य
HG0724,वेणीसंहार,वेणीसंहार,विभिन्न ऋषि/कवि/आचार्य,"काव्य, नाटक, रस, अलङ्कार, आख्यान र भक्तिसाहित्य",काव्य/नाट्यग्रन्थ,संस्कृत साहित्य
HG0725,उत्तररामचरित,उत्तररामचरित,विभिन्न ऋषि/कवि/आचार्य,"काव्य, नाटक, रस, अलङ्कार, आख्यान र भक्तिसाहित्य",काव्य/नाट्यग्रन्थ,संस्कृत साहित्य
HG0726,मालतीमाधव,मालतीमाधव,विभिन्न ऋषि/कवि/आचार्य,"काव्य, नाटक, रस, अलङ्कार, आख्यान र भक्तिसाहित्य",काव्य/नाट्यग्रन्थ,संस्कृत साहित्य
HG0727,महावीरचरित,महावीरचरित,विभिन्न ऋषि/कवि/आचार्य,"काव्य, नाटक, रस, अलङ्कार, आख्यान र भक्तिसाहित्य",काव्य/नाट्यग्रन्थ,संस्कृत साहित्य
HG0728,मत्तविलासप्रहसन,मत्तविलासप्रहसन,विभिन्न ऋषि/कवि/आचार्य,"काव्य, नाटक, रस, अलङ्कार, आख्यान र भक्तिसाहित्य",काव्य/नाट्यग्रन्थ,संस्कृत साहित्य
HG0729,भगवदज्जुकीय,भगवदज्जुकीय,विभिन्न ऋषि/कवि/आचार्य,"काव्य, नाटक, रस, अलङ्कार, आख्यान र भक्तिसाहित्य",काव्य/नाट्यग्रन्थ,संस्कृत साहित्य
HG0730,चारुदत्त,चारुदत्त,विभिन्न ऋषि/कवि/आचार्य,"काव्य, नाटक, रस, अलङ्कार, आख्यान र भक्तिसाहित्य",काव्य/नाट्यग्रन्थ,संस्कृत साहित्य
HG0731,दूतवाक्य,दूतवाक्य,विभिन्न ऋषि/कवि/आचार्य,"काव्य, नाटक, रस, अलङ्कार, आख्यान र भक्तिसाहित्य",काव्य/नाट्यग्रन्थ,संस्कृत साहित्य
HG0732,दूतघटोत्कच,दूतघटोत्कच,विभिन्न ऋषि/कवि/आचार्य,"काव्य, नाटक, रस, अलङ्कार, आख्यान र भक्तिसाहित्य",काव्य/नाट्यग्रन्थ,संस्कृत साहित्य
HG0733,पञ्चरात्र,पञ्चरात्र,विभिन्न ऋषि/कवि/आचार्य,"काव्य, नाटक, रस, अलङ्कार, आख्यान र भक्तिसाहित्य",काव्य/नाट्यग्रन्थ,संस्कृत साहित्य
HG0734,अभिषेकनाटक,अभिषेकनाटक,विभिन्न ऋषि/कवि/आचार्य,"काव्य, नाटक, रस, अलङ्कार, आख्यान र भक्तिसाहित्य",काव्य/नाट्यग्रन्थ,संस्कृत साहित्य
HG0735,बालचरित,बालचरित,विभिन्न ऋषि/कवि/आचार्य,"काव्य, नाटक, रस, अलङ्कार, आख्यान र भक्तिसाहित्य",काव्य/नाट्यग्रन्थ,संस्कृत साहित्य
HG0736,प्रतिमानाटक,प्रतिमानाटक,विभिन्न ऋषि/कवि/आचार्य,"काव्य, नाटक, रस, अलङ्कार, आख्यान र भक्तिसाहित्य",काव्य/नाट्यग्रन्थ,संस्कृत साहित्य
HG0737,हनुमन्नाटक,हनुमन्नाटक,विभिन्न ऋषि/कवि/आचार्य,"काव्य, नाटक, रस, अलङ्कार, आख्यान र भक्तिसाहित्य",काव्य/नाट्यग्रन्थ,संस्कृत साहित्य
HG0738,अनर्घराघव,अनर्घराघव,विभिन्न ऋषि/कवि/आचार्य,"काव्य, नाटक, रस, अलङ्कार, आख्यान र भक्तिसाहित्य",काव्य/नाट्यग्रन्थ,संस्कृत साहित्य
HG0739,आश्चर्यचूडामणि,आश्चर्यचूडामणि,विभिन्न ऋषि/कवि/आचार्य,"काव्य, नाटक, रस, अलङ्कार, आख्यान र भक्तिसाहित्य",काव्य/नाट्यग्रन्थ,संस्कृत साहित्य
HG0740,उदात्तराघव,उदात्तराघव,विभिन्न ऋषि/कवि/आचार्य,"काव्य, नाटक, रस, अलङ्कार, आख्यान र भक्तिसाहित्य",काव्य/नाट्यग्रन्थ,संस्कृत साहित्य
HG0741,प्रसन्नराघव,प्रसन्नराघव,विभिन्न ऋषि/कवि/आचार्य,"काव्य, नाटक, रस, अलङ्कार, आख्यान र भक्तिसाहित्य",काव्य/नाट्यग्रन्थ,संस्कृत साहित्य
HG0742,जानकीपरिणय,जानकीपरिणय,विभिन्न ऋषि/कवि/आचार्य,"काव्य, नाटक, रस, अलङ्कार, आख्यान र भक्तिसाहित्य",काव्य/नाट्यग्रन्थ,संस्कृत साहित्य
HG0743,रामाभ्युदय,रामाभ्युदय,विभिन्न ऋषि/कवि/आचार्य,"काव्य, नाटक, रस, अलङ्कार, आख्यान र भक्तिसाहित्य",काव्य/नाट्यग्रन्थ,संस्कृत साहित्य
HG0744,कृष्णकर्णामृत,कृष्णकर्णामृत,विभिन्न ऋषि/कवि/आचार्य,"काव्य, नाटक, रस, अलङ्कार, आख्यान र भक्तिसाहित्य",काव्य/नाट्यग्रन्थ,संस्कृत साहित्य
HG0745,गीतगोविन्द,गीतगोविन्द,विभिन्न ऋषि/कवि/आचार्य,"काव्य, नाटक, रस, अलङ्कार, आख्यान र भक्तिसाहित्य",काव्य/नाट्यग्रन्थ,संस्कृत साहित्य
HG0746,काव्यमीमांसा,काव्यमीमांसा,विभिन्न ऋषि/कवि/आचार्य,"काव्य, नाटक, रस, अलङ्कार, आख्यान र भक्तिसाहित्य",काव्य/नाट्यग्रन्थ,संस्कृत साहित्य
HG0747,ध्वन्यालोक,ध्वन्यालोक,विभिन्न ऋषि/कवि/आचार्य,"काव्य, नाटक, रस, अलङ्कार, आख्यान र भक्तिसाहित्य",काव्य/नाट्यग्रन्थ,संस्कृत साहित्य
HG0748,काव्यप्रकाश,काव्यप्रकाश,विभिन्न ऋषि/कवि/आचार्य,"काव्य, नाटक, रस, अलङ्कार, आख्यान र भक्तिसाहित्य",काव्य/नाट्यग्रन्थ,संस्कृत साहित्य
HG0749,साहित्यदर्पण,साहित्यदर्पण,विभिन्न ऋषि/कवि/आचार्य,"काव्य, नाटक, रस, अलङ्कार, आख्यान र भक्तिसाहित्य",काव्य/नाट्यग्रन्थ,संस्कृत साहित्य
HG0750,वक्रोक्तिजीवित,वक्रोक्तिजीवित,विभिन्न ऋषि/कवि/आचार्य,"काव्य, नाटक, रस, अलङ्कार, आख्यान र भक्तिसाहित्य",काव्य/नाट्यग्रन्थ,संस्कृत साहित्य
HG0751,औचित्यविचारचर्चा,औचित्यविचारचर्चा,विभिन्न ऋषि/कवि/आचार्य,"काव्य, नाटक, रस, अलङ्कार, आख्यान र भक्तिसाहित्य",काव्य/नाट्यग्रन्थ,संस्कृत साहित्य
HG0752,रसगङ्गाधर,रसगङ्गाधर,विभिन्न ऋषि/कवि/आचार्य,"काव्य, नाटक, रस, अलङ्कार, आख्यान र भक्तिसाहित्य",काव्य/नाट्यग्रन्थ,संस्कृत साहित्य
HG0753,नाट्यशास्त्र,नाट्यशास्त्र,विभिन्न ऋषि/कवि/आचार्य,"काव्य, नाटक, रस, अलङ्कार, आख्यान र भक्तिसाहित्य",काव्य/नाट्यग्रन्थ,संस्कृत साहित्य
HG0754,दशरूपक,दशरूपक,विभिन्न ऋषि/कवि/आचार्य,"काव्य, नाटक, रस, अलङ्कार, आख्यान र भक्तिसाहित्य",काव्य/नाट्यग्रन्थ,संस्कृत साहित्य
HG0755,अभिनयदर्पण,अभिनयदर्पण,विभिन्न ऋषि/कवि/आचार्य,"काव्य, नाटक, रस, अलङ्कार, आख्यान र भक्तिसाहित्य",काव्य/नाट्यग्रन्थ,संस्कृत साहित्य
HG0756,सङ्गीतरत्नाकर,सङ्गीतरत्नाकर,विभिन्न ऋषि/कवि/आचार्य,"काव्य, नाटक, रस, अलङ्कार, आख्यान र भक्तिसाहित्य",काव्य/नाट्यग्रन्थ,संस्कृत साहित्य
HG0757,सङ्गीतदर्पण,सङ्गीतदर्पण,विभिन्न ऋषि/कवि/आचार्य,"काव्य, नाटक, रस, अलङ्कार, आख्यान र भक्तिसाहित्य",काव्य/नाट्यग्रन्थ,संस्कृत साहित्य
HG0758,काव्यादर्श,काव्यादर्श,विभिन्न ऋषि/कवि/आचार्य,"काव्य, नाटक, रस, अलङ्कार, आख्यान र भक्तिसाहित्य",काव्य/नाट्यग्रन्थ,संस्कृत साहित्य
HG0759,रसार्णव,रसार्णव,विभिन्न ऋषि/कवि/आचार्य,"काव्य, नाटक, रस, अलङ्कार, आख्यान र भक्तिसाहित्य",काव्य/नाट्यग्रन्थ,संस्कृत साहित्य
HG0760,शृङ्गारप्रकाश,शृङ्गारप्रकाश,विभिन्न ऋषि/कवि/आचार्य,"काव्य, नाटक, रस, अलङ्कार, आख्यान र भक्तिसाहित्य",काव्य/नाट्यग्रन्थ,संस्कृत साहित्य
HG0761,चरकसंहिता,चरकसंहिता,विभिन्न आचार्य/ऋषि,"आयुर्वेद, ज्योतिष, गणित, व्याकरण, नीति, धर्म र वेदाङ्ग",शास्त्र/वेदाङ्ग,शास्त्र/वेदाङ्ग
HG0762,सुश्रुतसंहिता,सुश्रुतसंहिता,विभिन्न आचार्य/ऋषि,"आयुर्वेद, ज्योतिष, गणित, व्याकरण, नीति, धर्म र वेदाङ्ग",शास्त्र/वेदाङ्ग,शास्त्र/वेदाङ्ग
HG0763,अष्टाङ्गहृदय,अष्टाङ्गहृदय,विभिन्न आचार्य/ऋषि,"आयुर्वेद, ज्योतिष, गणित, व्याकरण, नीति, धर्म र वेदाङ्ग",शास्त्र/वेदाङ्ग,शास्त्र/वेदाङ्ग
HG0764,अष्टाङ्गसंग्रह,अष्टाङ्गसंग्रह,विभिन्न आचार्य/ऋषि,"आयुर्वेद, ज्योतिष, गणित, व्याकरण, नीति, धर्म र वेदाङ्ग",शास्त्र/वेदाङ्ग,शास्त्र/वेदाङ्ग
HG0765,भेलसंहिता,भेलसंहिता,विभिन्न आचार्य/ऋषि,"आयुर्वेद, ज्योतिष, गणित, व्याकरण, नीति, धर्म र वेदाङ्ग",शास्त्र/वेदाङ्ग,शास्त्र/वेदाङ्ग
HG0766,हारीतसंहिता,हारीतसंहिता,विभिन्न आचार्य/ऋषि,"आयुर्वेद, ज्योतिष, गणित, व्याकरण, नीति, धर्म र वेदाङ्ग",शास्त्र/वेदाङ्ग,शास्त्र/वेदाङ्ग
HG0767,शार्ङ्गधरसंहिता,शार्ङ्गधरसंहिता,विभिन्न आचार्य/ऋषि,"आयुर्वेद, ज्योतिष, गणित, व्याकरण, नीति, धर्म र वेदाङ्ग",शास्त्र/वेदाङ्ग,शास्त्र/वेदाङ्ग
HG0768,भावप्रकाशनिघण्टु,भावप्रकाशनिघण्टु,विभिन्न आचार्य/ऋषि,"आयुर्वेद, ज्योतिष, गणित, व्याकरण, नीति, धर्म र वेदाङ्ग",शास्त्र/वेदाङ्ग,शास्त्र/वेदाङ्ग
HG0769,धन्वन्तरिनिघण्टु,धन्वन्तरिनिघण्टु,विभिन्न आचार्य/ऋषि,"आयुर्वेद, ज्योतिष, गणित, व्याकरण, नीति, धर्म र वेदाङ्ग",शास्त्र/वेदाङ्ग,शास्त्र/वेदाङ्ग
HG0770,राजनिघण्टु,राजनिघण्टु,विभिन्न आचार्य/ऋषि,"आयुर्वेद, ज्योतिष, गणित, व्याकरण, नीति, धर्म र वेदाङ्ग",शास्त्र/वेदाङ्ग,शास्त्र/वेदाङ्ग
HG0771,मदनपालनिघण्टु,मदनपालनिघण्टु,विभिन्न आचार्य/ऋषि,"आयुर्वेद, ज्योतिष, गणित, व्याकरण, नीति, धर्म र वेदाङ्ग",शास्त्र/वेदाङ्ग,शास्त्र/वेदाङ्ग
HG0772,कैयदेवनिघण्टु,कैयदेवनिघण्टु,विभिन्न आचार्य/ऋषि,"आयुर्वेद, ज्योतिष, गणित, व्याकरण, नीति, धर्म र वेदाङ्ग",शास्त्र/वेदाङ्ग,शास्त्र/वेदाङ्ग
HG0773,भैषज्यरत्नावली,भैषज्यरत्नावली,विभिन्न आचार्य/ऋषि,"आयुर्वेद, ज्योतिष, गणित, व्याकरण, नीति, धर्म र वेदाङ्ग",शास्त्र/वेदाङ्ग,शास्त्र/वेदाङ्ग
HG0774,रसरत्नसमुच्चय,रसरत्नसमुच्चय,विभिन्न आचार्य/ऋषि,"आयुर्वेद, ज्योतिष, गणित, व्याकरण, नीति, धर्म र वेदाङ्ग",शास्त्र/वेदाङ्ग,शास्त्र/वेदाङ्ग
HG0775,रसरत्नाकर,रसरत्नाकर,विभिन्न आचार्य/ऋषि,"आयुर्वेद, ज्योतिष, गणित, व्याकरण, नीति, धर्म र वेदाङ्ग",शास्त्र/वेदाङ्ग,शास्त्र/वेदाङ्ग
HG0776,रसेन्द्रचूडामणि,रसेन्द्रचूडामणि,विभिन्न आचार्य/ऋषि,"आयुर्वेद, ज्योतिष, गणित, व्याकरण, नीति, धर्म र वेदाङ्ग",शास्त्र/वेदाङ्ग,शास्त्र/वेदाङ्ग
HG0777,रसेन्द्रसारसंग्रह,रसेन्द्रसारसंग्रह,विभिन्न आचार्य/ऋषि,"आयुर्वेद, ज्योतिष, गणित, व्याकरण, नीति, धर्म र वेदाङ्ग",शास्त्र/वेदाङ्ग,शास्त्र/वेदाङ्ग
HG0778,अर्थशास्त्र,अर्थशास्त्र,विभिन्न आचार्य/ऋषि,"आयुर्वेद, ज्योतिष, गणित, व्याकरण, नीति, धर्म र वेदाङ्ग",शास्त्र/वेदाङ्ग,शास्त्र/वेदाङ्ग
HG0779,कामसूत्र,कामसूत्र,विभिन्न आचार्य/ऋषि,"आयुर्वेद, ज्योतिष, गणित, व्याकरण, नीति, धर्म र वेदाङ्ग",शास्त्र/वेदाङ्ग,शास्त्र/वेदाङ्ग
HG0780,नीतिशास्त्र,नीतिशास्त्र,विभिन्न आचार्य/ऋषि,"आयुर्वेद, ज्योतिष, गणित, व्याकरण, नीति, धर्म र वेदाङ्ग",शास्त्र/वेदाङ्ग,शास्त्र/वेदाङ्ग
HG0781,शुक्रनीति,शुक्रनीति,विभिन्न आचार्य/ऋषि,"आयुर्वेद, ज्योतिष, गणित, व्याकरण, नीति, धर्म र वेदाङ्ग",शास्त्र/वेदाङ्ग,शास्त्र/वेदाङ्ग
HG0782,कामन्दकीयनीतिसार,कामन्दकीयनीतिसार,विभिन्न आचार्य/ऋषि,"आयुर्वेद, ज्योतिष, गणित, व्याकरण, नीति, धर्म र वेदाङ्ग",शास्त्र/वेदाङ्ग,शास्त्र/वेदाङ्ग
HG0783,पंचतन्त्र,पंचतन्त्र,विभिन्न आचार्य/ऋषि,"आयुर्वेद, ज्योतिष, गणित, व्याकरण, नीति, धर्म र वेदाङ्ग",शास्त्र/वेदाङ्ग,शास्त्र/वेदाङ्ग
HG0784,हितोपदेश,हितोपदेश,विभिन्न आचार्य/ऋषि,"आयुर्वेद, ज्योतिष, गणित, व्याकरण, नीति, धर्म र वेदाङ्ग",शास्त्र/वेदाङ्ग,शास्त्र/वेदाङ्ग
HG0785,कथासरित्सागर,कथासरित्सागर,विभिन्न आचार्य/ऋषि,"आयुर्वेद, ज्योतिष, गणित, व्याकरण, नीति, धर्म र वेदाङ्ग",शास्त्र/वेदाङ्ग,शास्त्र/वेदाङ्ग
HG0786,शुकसप्तति,शुकसप्तति,विभिन्न आचार्य/ऋषि,"आयुर्वेद, ज्योतिष, गणित, व्याकरण, नीति, धर्म र वेदाङ्ग",शास्त्र/वेदाङ्ग,शास्त्र/वेदाङ्ग
HG0787,सिंहासनद्वात्रिंशिका,सिंहासनद्वात्रिंशिका,विभिन्न आचार्य/ऋषि,"आयुर्वेद, ज्योतिष, गणित, व्याकरण, नीति, धर्म र वेदाङ्ग",शास्त्र/वेदाङ्ग,शास्त्र/वेदाङ्ग
HG0788,वेतालपञ्चविंशति,वेतालपञ्चविंशति,विभिन्न आचार्य/ऋषि,"आयुर्वेद, ज्योतिष, गणित, व्याकरण, नीति, धर्म र वेदाङ्ग",शास्त्र/वेदाङ्ग,शास्त्र/वेदाङ्ग
HG0789,चाणक्यनीति,चाणक्यनीति,विभिन्न आचार्य/ऋषि,"आयुर्वेद, ज्योतिष, गणित, व्याकरण, नीति, धर्म र वेदाङ्ग",शास्त्र/वेदाङ्ग,शास्त्र/वेदाङ्ग
HG0790,चाणक्यसूत्र,चाणक्यसूत्र,विभिन्न आचार्य/ऋषि,"आयुर्वेद, ज्योतिष, गणित, व्याकरण, नीति, धर्म र वेदाङ्ग",शास्त्र/वेदाङ्ग,शास्त्र/वेदाङ्ग
HG0791,नीतिसार,नीतिसार,विभिन्न आचार्य/ऋषि,"आयुर्वेद, ज्योतिष, गणित, व्याकरण, नीति, धर्म र वेदाङ्ग",शास्त्र/वेदाङ्ग,शास्त्र/वेदाङ्ग
HG0792,नीतिवाक्यामृत,नीतिवाक्यामृत,विभिन्न आचार्य/ऋषि,"आयुर्वेद, ज्योतिष, गणित, व्याकरण, नीति, धर्म र वेदाङ्ग",शास्त्र/वेदाङ्ग,शास्त्र/वेदाङ्ग
HG0793,राजधर्मकौस्तुभ,राजधर्मकौस्तुभ,विभिन्न आचार्य/ऋषि,"आयुर्वेद, ज्योतिष, गणित, व्याकरण, नीति, धर्म र वेदाङ्ग",शास्त्र/वेदाङ्ग,शास्त्र/वेदाङ्ग
HG0794,व्यवहारमयूख,व्यवहारमयूख,विभिन्न आचार्य/ऋषि,"आयुर्वेद, ज्योतिष, गणित, व्याकरण, नीति, धर्म र वेदाङ्ग",शास्त्र/वेदाङ्ग,शास्त्र/वेदाङ्ग
HG0795,दायभाग,दायभाग,विभिन्न आचार्य/ऋषि,"आयुर्वेद, ज्योतिष, गणित, व्याकरण, नीति, धर्म र वेदाङ्ग",शास्त्र/वेदाङ्ग,शास्त्र/वेदाङ्ग
HG0796,व्यवहारमाधव,व्यवहारमाधव,विभिन्न आचार्य/ऋषि,"आयुर्वेद, ज्योतिष, गणित, व्याकरण, नीति, धर्म र वेदाङ्ग",शास्त्र/वेदाङ्ग,शास्त्र/वेदाङ्ग
HG0797,मिताक्षरा,मिताक्षरा,विभिन्न आचार्य/ऋषि,"आयुर्वेद, ज्योतिष, गणित, व्याकरण, नीति, धर्म र वेदाङ्ग",शास्त्र/वेदाङ्ग,शास्त्र/वेदाङ्ग
HG0798,कृत्यकल्पतरु,कृत्यकल्पतरु,विभिन्न आचार्य/ऋषि,"आयुर्वेद, ज्योतिष, गणित, व्याकरण, नीति, धर्म र वेदाङ्ग",शास्त्र/वेदाङ्ग,शास्त्र/वेदाङ्ग
HG0799,चतुर्वर्गचिन्तामणि,चतुर्वर्गचिन्तामणि,विभिन्न आचार्य/ऋषि,"आयुर्वेद, ज्योतिष, गणित, व्याकरण, नीति, धर्म र वेदाङ्ग",शास्त्र/वेदाङ्ग,शास्त्र/वेदाङ्ग
HG0800,धर्मसिन्धु,धर्मसिन्धु,विभिन्न आचार्य/ऋषि,"आयुर्वेद, ज्योतिष, गणित, व्याकरण, नीति, धर्म र वेदाङ्ग",शास्त्र/वेदाङ्ग,शास्त्र/वेदाङ्ग
HG0801,निर्णयसिन्धु,निर्णयसिन्धु,विभिन्न आचार्य/ऋषि,"आयुर्वेद, ज्योतिष, गणित, व्याकरण, नीति, धर्म र वेदाङ्ग",शास्त्र/वेदाङ्ग,शास्त्र/वेदाङ्ग
HG0802,व्रतराज,व्रतराज,विभिन्न आचार्य/ऋषि,"आयुर्वेद, ज्योतिष, गणित, व्याकरण, नीति, धर्म र वेदाङ्ग",शास्त्र/वेदाङ्ग,शास्त्र/वेदाङ्ग
HG0803,कृत्यतत्त्व,कृत्यतत्त्व,विभिन्न आचार्य/ऋषि,"आयुर्वेद, ज्योतिष, गणित, व्याकरण, नीति, धर्म र वेदाङ्ग",शास्त्र/वेदाङ्ग,शास्त्र/वेदाङ्ग
HG0804,कृत्यरत्नाकर,कृत्यरत्नाकर,विभिन्न आचार्य/ऋषि,"आयुर्वेद, ज्योतिष, गणित, व्याकरण, नीति, धर्म र वेदाङ्ग",शास्त्र/वेदाङ्ग,शास्त्र/वेदाङ्ग
HG0805,ज्योतिषवेदाङ्ग,ज्योतिषवेदाङ्ग,विभिन्न आचार्य/ऋषि,"आयुर्वेद, ज्योतिष, गणित, व्याकरण, नीति, धर्म र वेदाङ्ग",शास्त्र/वेदाङ्ग,शास्त्र/वेदाङ्ग
HG0806,सूर्यसिद्धान्त,सूर्यसिद्धान्त,विभिन्न आचार्य/ऋषि,"आयुर्वेद, ज्योतिष, गणित, व्याकरण, नीति, धर्म र वेदाङ्ग",शास्त्र/वेदाङ्ग,शास्त्र/वेदाङ्ग
HG0807,सिद्धान्तशिरोमणि,सिद्धान्तशिरोमणि,विभिन्न आचार्य/ऋषि,"आयुर्वेद, ज्योतिष, गणित, व्याकरण, नीति, धर्म र वेदाङ्ग",शास्त्र/वेदाङ्ग,शास्त्र/वेदाङ्ग
HG0808,आर्यभटीय,आर्यभटीय,विभिन्न आचार्य/ऋषि,"आयुर्वेद, ज्योतिष, गणित, व्याकरण, नीति, धर्म र वेदाङ्ग",शास्त्र/वेदाङ्ग,शास्त्र/वेदाङ्ग
HG0809,पञ्चसिद्धान्तिका,पञ्चसिद्धान्तिका,विभिन्न आचार्य/ऋषि,"आयुर्वेद, ज्योतिष, गणित, व्याकरण, नीति, धर्म र वेदाङ्ग",शास्त्र/वेदाङ्ग,शास्त्र/वेदाङ्ग
HG0810,बृहत्संहिता,बृहत्संहिता,विभिन्न आचार्य/ऋषि,"आयुर्वेद, ज्योतिष, गणित, व्याकरण, नीति, धर्म र वेदाङ्ग",शास्त्र/वेदाङ्ग,शास्त्र/वेदाङ्ग
HG0811,लघुजातक,लघुजातक,विभिन्न आचार्य/ऋषि,"आयुर्वेद, ज्योतिष, गणित, व्याकरण, नीति, धर्म र वेदाङ्ग",शास्त्र/वेदाङ्ग,शास्त्र/वेदाङ्ग
HG0812,बृहत्पाराशरहोराशास्त्र,बृहत्पाराशरहोराशास्त्र,विभिन्न आचार्य/ऋषि,"आयुर्वेद, ज्योतिष, गणित, व्याकरण, नीति, धर्म र वेदाङ्ग",शास्त्र/वेदाङ्ग,शास्त्र/वेदाङ्ग
HG0813,फलदीपिका,फलदीपिका,विभिन्न आचार्य/ऋषि,"आयुर्वेद, ज्योतिष, गणित, व्याकरण, नीति, धर्म र वेदाङ्ग",शास्त्र/वेदाङ्ग,शास्त्र/वेदाङ्ग
HG0814,सारावली,सारावली,विभिन्न आचार्य/ऋषि,"आयुर्वेद, ज्योतिष, गणित, व्याकरण, नीति, धर्म र वेदाङ्ग",शास्त्र/वेदाङ्ग,शास्त्र/वेदाङ्ग
HG0815,जातकतत्त्व,जातकतत्त्व,विभिन्न आचार्य/ऋषि,"आयुर्वेद, ज्योतिष, गणित, व्याकरण, नीति, धर्म र वेदाङ्ग",शास्त्र/वेदाङ्ग,शास्त्र/वेदाङ्ग
HG0816,प्रश्नमार्ग,प्रश्नमार्ग,विभिन्न आचार्य/ऋषि,"आयुर्वेद, ज्योतिष, गणित, व्याकरण, नीति, धर्म र वेदाङ्ग",शास्त्र/वेदाङ्ग,शास्त्र/वेदाङ्ग
HG0817,मुहूर्तचिन्तामणि,मुहूर्तचिन्तामणि,विभिन्न आचार्य/ऋषि,"आयुर्वेद, ज्योतिष, गणित, व्याकरण, नीति, धर्म र वेदाङ्ग",शास्त्र/वेदाङ्ग,शास्त्र/वेदाङ्ग
HG0818,मुहूर्तमार्तण्ड,मुहूर्तमार्तण्ड,विभिन्न आचार्य/ऋषि,"आयुर्वेद, ज्योतिष, गणित, व्याकरण, नीति, धर्म र वेदाङ्ग",शास्त्र/वेदाङ्ग,शास्त्र/वेदाङ्ग
HG0819,कालामृत,कालामृत,विभिन्न आचार्य/ऋषि,"आयुर्वेद, ज्योतिष, गणित, व्याकरण, नीति, धर्म र वेदाङ्ग",शास्त्र/वेदाङ्ग,शास्त्र/वेदाङ्ग
HG0820,उत्तरकालामृत,उत्तरकालामृत,विभिन्न आचार्य/ऋषि,"आयुर्वेद, ज्योतिष, गणित, व्याकरण, नीति, धर्म र वेदाङ्ग",शास्त्र/वेदाङ्ग,शास्त्र/वेदाङ्ग
HG0821,गणितसारसंग्रह,गणितसारसंग्रह,विभिन्न आचार्य/ऋषि,"आयुर्वेद, ज्योतिष, गणित, व्याकरण, नीति, धर्म र वेदाङ्ग",शास्त्र/वेदाङ्ग,शास्त्र/वेदाङ्ग
HG0822,गणितकौमुदी,गणितकौमुदी,विभिन्न आचार्य/ऋषि,"आयुर्वेद, ज्योतिष, गणित, व्याकरण, नीति, धर्म र वेदाङ्ग",शास्त्र/वेदाङ्ग,शास्त्र/वेदाङ्ग
HG0823,लीलावती,लीलावती,विभिन्न आचार्य/ऋषि,"आयुर्वेद, ज्योतिष, गणित, व्याकरण, नीति, धर्म र वेदाङ्ग",शास्त्र/वेदाङ्ग,शास्त्र/वेदाङ्ग
HG0824,बीजगणित,बीजगणित,विभिन्न आचार्य/ऋषि,"आयुर्वेद, ज्योतिष, गणित, व्याकरण, नीति, धर्म र वेदाङ्ग",शास्त्र/वेदाङ्ग,शास्त्र/वेदाङ्ग
HG0825,करणकुतूहल,करणकुतूहल,विभिन्न आचार्य/ऋषि,"आयुर्वेद, ज्योतिष, गणित, व्याकरण, नीति, धर्म र वेदाङ्ग",शास्त्र/वेदाङ्ग,शास्त्र/वेदाङ्ग
HG0826,खण्डखाद्यक,खण्डखाद्यक,विभिन्न आचार्य/ऋषि,"आयुर्वेद, ज्योतिष, गणित, व्याकरण, नीति, धर्म र वेदाङ्ग",शास्त्र/वेदाङ्ग,शास्त्र/वेदाङ्ग
HG0827,ब्रह्मस्फुटसिद्धान्त,ब्रह्मस्फुटसिद्धान्त,विभिन्न आचार्य/ऋषि,"आयुर्वेद, ज्योतिष, गणित, व्याकरण, नीति, धर्म र वेदाङ्ग",शास्त्र/वेदाङ्ग,शास्त्र/वेदाङ्ग
HG0828,शुल्बसूत्र,शुल्बसूत्र,विभिन्न आचार्य/ऋषि,"आयुर्वेद, ज्योतिष, गणित, व्याकरण, नीति, धर्म र वेदाङ्ग",शास्त्र/वेदाङ्ग,शास्त्र/वेदाङ्ग
HG0829,बौधायनशुल्बसूत्र,बौधायनशुल्बसूत्र,विभिन्न आचार्य/ऋषि,"आयुर्वेद, ज्योतिष, गणित, व्याकरण, नीति, धर्म र वेदाङ्ग",शास्त्र/वेदाङ्ग,शास्त्र/वेदाङ्ग
HG0830,आपस्तम्बशुल्बसूत्र,आपस्तम्बशुल्बसूत्र,विभिन्न आचार्य/ऋषि,"आयुर्वेद, ज्योतिष, गणित, व्याकरण, नीति, धर्म र वेदाङ्ग",शास्त्र/वेदाङ्ग,शास्त्र/वेदाङ्ग
HG0831,कात्यायनशुल्बसूत्र,कात्यायनशुल्बसूत्र,विभिन्न आचार्य/ऋषि,"आयुर्वेद, ज्योतिष, गणित, व्याकरण, नीति, धर्म र वेदाङ्ग",शास्त्र/वेदाङ्ग,शास्त्र/वेदाङ्ग
HG0832,मानवशुल्बसूत्र,मानवशुल्बसूत्र,विभिन्न आचार्य/ऋषि,"आयुर्वेद, ज्योतिष, गणित, व्याकरण, नीति, धर्म र वेदाङ्ग",शास्त्र/वेदाङ्ग,शास्त्र/वेदाङ्ग
HG0833,पिङ्गलछन्दसूत्र,पिङ्गलछन्दसूत्र,विभिन्न आचार्य/ऋषि,"आयुर्वेद, ज्योतिष, गणित, व्याकरण, नीति, धर्म र वेदाङ्ग",शास्त्र/वेदाङ्ग,शास्त्र/वेदाङ्ग
HG0834,छन्दःशास्त्र,छन्दःशास्त्र,विभिन्न आचार्य/ऋषि,"आयुर्वेद, ज्योतिष, गणित, व्याकरण, नीति, धर्म र वेदाङ्ग",शास्त्र/वेदाङ्ग,शास्त्र/वेदाङ्ग
HG0835,निरुक्त,निरुक्त,विभिन्न आचार्य/ऋषि,"आयुर्वेद, ज्योतिष, गणित, व्याकरण, नीति, धर्म र वेदाङ्ग",शास्त्र/वेदाङ्ग,शास्त्र/वेदाङ्ग
HG0836,अष्टाध्यायी,अष्टाध्यायी,विभिन्न आचार्य/ऋषि,"आयुर्वेद, ज्योतिष, गणित, व्याकरण, नीति, धर्म र वेदाङ्ग",शास्त्र/वेदाङ्ग,शास्त्र/वेदाङ्ग
HG0837,वार्तिक,वार्तिक,विभिन्न आचार्य/ऋषि,"आयुर्वेद, ज्योतिष, गणित, व्याकरण, नीति, धर्म र वेदाङ्ग",शास्त्र/वेदाङ्ग,शास्त्र/वेदाङ्ग
HG0838,वाक्यपदीय,वाक्यपदीय,विभिन्न आचार्य/ऋषि,"आयुर्वेद, ज्योतिष, गणित, व्याकरण, नीति, धर्म र वेदाङ्ग",शास्त्र/वेदाङ्ग,शास्त्र/वेदाङ्ग
HG0839,सिद्धान्तकौमुदी,सिद्धान्तकौमुदी,विभिन्न आचार्य/ऋषि,"आयुर्वेद, ज्योतिष, गणित, व्याकरण, नीति, धर्म र वेदाङ्ग",शास्त्र/वेदाङ्ग,शास्त्र/वेदाङ्ग
HG0840,लघुसिद्धान्तकौमुदी,लघुसिद्धान्तकौमुदी,विभिन्न आचार्य/ऋषि,"आयुर्वेद, ज्योतिष, गणित, व्याकरण, नीति, धर्म र वेदाङ्ग",शास्त्र/वेदाङ्ग,शास्त्र/वेदाङ्ग
HG0841,अमरकोश,अमरकोश,विभिन्न आचार्य/ऋषि,"आयुर्वेद, ज्योतिष, गणित, व्याकरण, नीति, धर्म र वेदाङ्ग",शास्त्र/वेदाङ्ग,शास्त्र/वेदाङ्ग
HG0842,त्रिकाण्डशेष,त्रिकाण्डशेष,विभिन्न आचार्य/ऋषि,"आयुर्वेद, ज्योतिष, गणित, व्याकरण, नीति, धर्म र वेदाङ्ग",शास्त्र/वेदाङ्ग,शास्त्र/वेदाङ्ग
HG0843,अभिधानचिन्तामणि,अभिधानचिन्तामणि,विभिन्न आचार्य/ऋषि,"आयुर्वेद, ज्योतिष, गणित, व्याकरण, नीति, धर्म र वेदाङ्ग",शास्त्र/वेदाङ्ग,शास्त्र/वेदाङ्ग
HG0844,मेदिनीकोश,मेदिनीकोश,विभिन्न आचार्य/ऋषि,"आयुर्वेद, ज्योतिष, गणित, व्याकरण, नीति, धर्म र वेदाङ्ग",शास्त्र/वेदाङ्ग,शास्त्र/वेदाङ्ग
HG0845,हलायुधकोश,हलायुधकोश,विभिन्न आचार्य/ऋषि,"आयुर्वेद, ज्योतिष, गणित, व्याकरण, नीति, धर्म र वेदाङ्ग",शास्त्र/वेदाङ्ग,शास्त्र/वेदाङ्ग
HG0846,एकाक्षरकोश,एकाक्षरकोश,विभिन्न आचार्य/ऋषि,"आयुर्वेद, ज्योतिष, गणित, व्याकरण, नीति, धर्म र वेदाङ्ग",शास्त्र/वेदाङ्ग,शास्त्र/वेदाङ्ग
HG0847,शब्दानुशासन,शब्दानुशासन,विभिन्न आचार्य/ऋषि,"आयुर्वेद, ज्योतिष, गणित, व्याकरण, नीति, धर्म र वेदाङ्ग",शास्त्र/वेदाङ्ग,शास्त्र/वेदाङ्ग
HG0848,सरस्वतव्याकरण,सरस्वतव्याकरण,विभिन्न आचार्य/ऋषि,"आयुर्वेद, ज्योतिष, गणित, व्याकरण, नीति, धर्म र वेदाङ्ग",शास्त्र/वेदाङ्ग,शास्त्र/वेदाङ्ग
HG0849,कातन्त्रव्याकरण,कातन्त्रव्याकरण,विभिन्न आचार्य/ऋषि,"आयुर्वेद, ज्योतिष, गणित, व्याकरण, नीति, धर्म र वेदाङ्ग",शास्त्र/वेदाङ्ग,शास्त्र/वेदाङ्ग
HG0850,जैनेन्द्रव्याकरण,जैनेन्द्रव्याकरण,विभिन्न आचार्य/ऋषि,"आयुर्वेद, ज्योतिष, गणित, व्याकरण, नीति, धर्म र वेदाङ्ग",शास्त्र/वेदाङ्ग,शास्त्र/वेदाङ्ग
HG0851,चन्द्रव्याकरण,चन्द्रव्याकरण,विभिन्न आचार्य/ऋषि,"आयुर्वेद, ज्योतिष, गणित, व्याकरण, नीति, धर्म र वेदाङ्ग",शास्त्र/वेदाङ्ग,शास्त्र/वेदाङ्ग
HG0852,रूपावतार,रूपावतार,विभिन्न आचार्य/ऋषि,"आयुर्वेद, ज्योतिष, गणित, व्याकरण, नीति, धर्म र वेदाङ्ग",शास्त्र/वेदाङ्ग,शास्त्र/वेदाङ्ग
HG0853,धातुपाठ,धातुपाठ,विभिन्न आचार्य/ऋषि,"आयुर्वेद, ज्योतिष, गणित, व्याकरण, नीति, धर्म र वेदाङ्ग",शास्त्र/वेदाङ्ग,शास्त्र/वेदाङ्ग
HG0854,गणपाठ,गणपाठ,विभिन्न आचार्य/ऋषि,"आयुर्वेद, ज्योतिष, गणित, व्याकरण, नीति, धर्म र वेदाङ्ग",शास्त्र/वेदाङ्ग,शास्त्र/वेदाङ्ग
HG0855,उणादिसूत्र,उणादिसूत्र,विभिन्न आचार्य/ऋषि,"आयुर्वेद, ज्योतिष, गणित, व्याकरण, नीति, धर्म र वेदाङ्ग",शास्त्र/वेदाङ्ग,शास्त्र/वेदाङ्ग
HG0856,शिक्षा,शिक्षा,विभिन्न आचार्य/ऋषि,"आयुर्वेद, ज्योतिष, गणित, व्याकरण, नीति, धर्म र वेदाङ्ग",शास्त्र/वेदाङ्ग,शास्त्र/वेदाङ्ग
HG0857,ऋग्वेदप्रातिशाख्य,ऋग्वेदप्रातिशाख्य,विभिन्न आचार्य/ऋषि,"आयुर्वेद, ज्योतिष, गणित, व्याकरण, नीति, धर्म र वेदाङ्ग",शास्त्र/वेदाङ्ग,शास्त्र/वेदाङ्ग
HG0858,तैत्तिरीयप्रातिशाख्य,तैत्तिरीयप्रातिशाख्य,विभिन्न आचार्य/ऋषि,"आयुर्वेद, ज्योतिष, गणित, व्याकरण, नीति, धर्म र वेदाङ्ग",शास्त्र/वेदाङ्ग,शास्त्र/वेदाङ्ग
HG0859,वाजसनेयीप्रातिशाख्य,वाजसनेयीप्रातिशाख्य,विभिन्न आचार्य/ऋषि,"आयुर्वेद, ज्योतिष, गणित, व्याकरण, नीति, धर्म र वेदाङ्ग",शास्त्र/वेदाङ्ग,शास्त्र/वेदाङ्ग
HG0860,सामवेदप्रातिशाख्य,सामवेदप्रातिशाख्य,विभिन्न आचार्य/ऋषि,"आयुर्वेद, ज्योतिष, गणित, व्याकरण, नीति, धर्म र वेदाङ्ग",शास्त्र/वेदाङ्ग,शास्त्र/वेदाङ्ग
HG0861,अथर्ववेदप्रातिशाख्य,अथर्ववेदप्रातिशाख्य,विभिन्न आचार्य/ऋषि,"आयुर्वेद, ज्योतिष, गणित, व्याकरण, नीति, धर्म र वेदाङ्ग",शास्त्र/वेदाङ्ग,शास्त्र/वेदाङ्ग
HG0862,ज्ञानेश्वरी,ज्ञानेश्वरी,विभिन्न सन्त/कवि,"भक्ति, राम-कृष्ण-शिव उपासना, नैतिकता र क्षेत्रीय धार्मिक परम्परा",क्षेत्रीय भक्तिग्रन्थ,क्षेत्रीय भक्ति
HG0863,अमृतानुभव,अमृतानुभव,विभिन्न सन्त/कवि,"भक्ति, राम-कृष्ण-शिव उपासना, नैतिकता र क्षेत्रीय धार्मिक परम्परा",क्षेत्रीय भक्तिग्रन्थ,क्षेत्रीय भक्ति
HG0864,एकनाथीभागवत,एकनाथीभागवत,विभिन्न सन्त/कवि,"भक्ति, राम-कृष्ण-शिव उपासना, नैतिकता र क्षेत्रीय धार्मिक परम्परा",क्षेत्रीय भक्तिग्रन्थ,क्षेत्रीय भक्ति
HG0865,भावार्थरामायण,भावार्थरामायण,विभिन्न सन्त/कवि,"भक्ति, राम-कृष्ण-शिव उपासना, नैतिकता र क्षेत्रीय धार्मिक परम्परा",क्षेत्रीय भक्तिग्रन्थ,क्षेत्रीय भक्ति
HG0866,दासबोध,दासबोध,विभिन्न सन्त/कवि,"भक्ति, राम-कृष्ण-शिव उपासना, नैतिकता र क्षेत्रीय धार्मिक परम्परा",क्षेत्रीय भक्तिग्रन्थ,क्षेत्रीय भक्ति
HG0867,मनाचे,मनाचे,विभिन्न सन्त/कवि,"भक्ति, राम-कृष्ण-शिव उपासना, नैतिकता र क्षेत्रीय धार्मिक परम्परा",क्षेत्रीय भक्तिग्रन्थ,क्षेत्रीय भक्ति
HG0868,श्लोक,श्लोक,विभिन्न सन्त/कवि,"भक्ति, राम-कृष्ण-शिव उपासना, नैतिकता र क्षेत्रीय धार्मिक परम्परा",क्षेत्रीय भक्तिग्रन्थ,क्षेत्रीय भक्ति
HG0869,हरिपाठ,हरिपाठ,विभिन्न सन्त/कवि,"भक्ति, राम-कृष्ण-शिव उपासना, नैतिकता र क्षेत्रीय धार्मिक परम्परा",क्षेत्रीय भक्तिग्रन्थ,क्षेत्रीय भक्ति
HG0870,गुरुचरित्र,गुरुचरित्र,विभिन्न सन्त/कवि,"भक्ति, राम-कृष्ण-शिव उपासना, नैतिकता र क्षेत्रीय धार्मिक परम्परा",क्षेत्रीय भक्तिग्रन्थ,क्षेत्रीय भक्ति
HG0871,नवनाथभक्तिसार,नवनाथभक्तिसार,विभिन्न सन्त/कवि,"भक्ति, राम-कृष्ण-शिव उपासना, नैतिकता र क्षेत्रीय धार्मिक परम्परा",क्षेत्रीय भक्तिग्रन्थ,क्षेत्रीय भक्ति
HG0872,तुकारामगाथा,तुकारामगाथा,विभिन्न सन्त/कवि,"भक्ति, राम-कृष्ण-शिव उपासना, नैतिकता र क्षेत्रीय धार्मिक परम्परा",क्षेत्रीय भक्तिग्रन्थ,क्षेत्रीय भक्ति
HG0873,नामदेवगाथा,नामदेवगाथा,विभिन्न सन्त/कवि,"भक्ति, राम-कृष्ण-शिव उपासना, नैतिकता र क्षेत्रीय धार्मिक परम्परा",क्षेत्रीय भक्तिग्रन्थ,क्षेत्रीय भक्ति
HG0874,भक्तिविजय,भक्तिविजय,विभिन्न सन्त/कवि,"भक्ति, राम-कृष्ण-शिव उपासना, नैतिकता र क्षेत्रीय धार्मिक परम्परा",क्षेत्रीय भक्तिग्रन्थ,क्षेत्रीय भक्ति
HG0875,कीर्तनघोष,कीर्तनघोष,विभिन्न सन्त/कवि,"भक्ति, राम-कृष्ण-शिव उपासना, नैतिकता र क्षेत्रीय धार्मिक परम्परा",क्षेत्रीय भक्तिग्रन्थ,क्षेत्रीय भक्ति
HG0876,नामघोष,नामघोष,विभिन्न सन्त/कवि,"भक्ति, राम-कृष्ण-शिव उपासना, नैतिकता र क्षेत्रीय धार्मिक परम्परा",क्षेत्रीय भक्तिग्रन्थ,क्षेत्रीय भक्ति
HG0877,गुणमाला,गुणमाला,विभिन्न सन्त/कवि,"भक्ति, राम-कृष्ण-शिव उपासना, नैतिकता र क्षेत्रीय धार्मिक परम्परा",क्षेत्रीय भक्तिग्रन्थ,क्षेत्रीय भक्ति
HG0878,बरगीत,बरगीत,विभिन्न सन्त/कवि,"भक्ति, राम-कृष्ण-शिव उपासना, नैतिकता र क्षेत्रीय धार्मिक परम्परा",क्षेत्रीय भक्तिग्रन्थ,क्षेत्रीय भक्ति
HG0879,तिरुवाचकम्,तिरुवाचकम्,विभिन्न सन्त/कवि,"भक्ति, राम-कृष्ण-शिव उपासना, नैतिकता र क्षेत्रीय धार्मिक परम्परा",क्षेत्रीय भक्तिग्रन्थ,क्षेत्रीय भक्ति
HG0880,तिरुमन्तिरम्,तिरुमन्तिरम्,विभिन्न सन्त/कवि,"भक्ति, राम-कृष्ण-शिव उपासना, नैतिकता र क्षेत्रीय धार्मिक परम्परा",क्षेत्रीय भक्तिग्रन्थ,क्षेत्रीय भक्ति
HG0881,तेवारम्,तेवारम्,विभिन्न सन्त/कवि,"भक्ति, राम-कृष्ण-शिव उपासना, नैतिकता र क्षेत्रीय धार्मिक परम्परा",क्षेत्रीय भक्तिग्रन्थ,क्षेत्रीय भक्ति
HG0882,तिरुवाय्मोळी,तिरुवाय्मोळी,विभिन्न सन्त/कवि,"भक्ति, राम-कृष्ण-शिव उपासना, नैतिकता र क्षेत्रीय धार्मिक परम्परा",क्षेत्रीय भक्तिग्रन्थ,क्षेत्रीय भक्ति
HG0883,तिरुप्पावै,तिरुप्पावै,विभिन्न सन्त/कवि,"भक्ति, राम-कृष्ण-शिव उपासना, नैतिकता र क्षेत्रीय धार्मिक परम्परा",क्षेत्रीय भक्तिग्रन्थ,क्षेत्रीय भक्ति
HG0884,नालायिरदिव्यप्रबन्धम्,नालायिरदिव्यप्रबन्धम्,विभिन्न सन्त/कवि,"भक्ति, राम-कृष्ण-शिव उपासना, नैतिकता र क्षेत्रीय धार्मिक परम्परा",क्षेत्रीय भक्तिग्रन्थ,क्षेत्रीय भक्ति
HG0885,तिरुप्पुगळ,तिरुप्पुगळ,विभिन्न सन्त/कवि,"भक्ति, राम-कृष्ण-शिव उपासना, नैतिकता र क्षेत्रीय धार्मिक परम्परा",क्षेत्रीय भक्तिग्रन्थ,क्षेत्रीय भक्ति
HG0886,पेरियपुराणम्,पेरियपुराणम्,विभिन्न सन्त/कवि,"भक्ति, राम-कृष्ण-शिव उपासना, नैतिकता र क्षेत्रीय धार्मिक परम्परा",क्षेत्रीय भक्तिग्रन्थ,क्षेत्रीय भक्ति
HG0887,कंब,कंब,विभिन्न सन्त/कवि,"भक्ति, राम-कृष्ण-शिव उपासना, नैतिकता र क्षेत्रीय धार्मिक परम्परा",क्षेत्रीय भक्तिग्रन्थ,क्षेत्रीय भक्ति
HG0888,रामायणम्,रामायणम्,विभिन्न सन्त/कवि,"भक्ति, राम-कृष्ण-शिव उपासना, नैतिकता र क्षेत्रीय धार्मिक परम्परा",क्षेत्रीय भक्तिग्रन्थ,क्षेत्रीय भक्ति
HG0889,सिलप्पतिकारम्,सिलप्पतिकारम्,विभिन्न सन्त/कवि,"भक्ति, राम-कृष्ण-शिव उपासना, नैतिकता र क्षेत्रीय धार्मिक परम्परा",क्षेत्रीय भक्तिग्रन्थ,क्षेत्रीय भक्ति
HG0890,मणिमेकलै,मणिमेकलै,विभिन्न सन्त/कवि,"भक्ति, राम-कृष्ण-शिव उपासना, नैतिकता र क्षेत्रीय धार्मिक परम्परा",क्षेत्रीय भक्तिग्रन्थ,क्षेत्रीय भक्ति
HG0891,तिरुविलैयाडलपुराणम्,तिरुविलैयाडलपुराणम्,विभिन्न सन्त/कवि,"भक्ति, राम-कृष्ण-शिव उपासना, नैतिकता र क्षेत्रीय धार्मिक परम्परा",क्षेत्रीय भक्तिग्रन्थ,क्षेत्रीय भक्ति
HG0892,तिरुक्कुरळ्,तिरुक्कुरळ्,विभिन्न सन्त/कवि,"भक्ति, राम-कृष्ण-शिव उपासना, नैतिकता र क्षेत्रीय धार्मिक परम्परा",क्षेत्रीय भक्तिग्रन्थ,क्षेत्रीय भक्ति
HG0893,तिरुवरुट्पा,तिरुवरुट्पा,विभिन्न सन्त/कवि,"भक्ति, राम-कृष्ण-शिव उपासना, नैतिकता र क्षेत्रीय धार्मिक परम्परा",क्षेत्रीय भक्तिग्रन्थ,क्षेत्रीय भक्ति
HG0894,तिरुवेम्पावै,तिरुवेम्पावै,विभिन्न सन्त/कवि,"भक्ति, राम-कृष्ण-शिव उपासना, नैतिकता र क्षेत्रीय धार्मिक परम्परा",क्षेत्रीय भक्तिग्रन्थ,क्षेत्रीय भक्ति
HG0895,तिरुविरुत्तम्,तिरुविरुत्तम्,विभिन्न सन्त/कवि,"भक्ति, राम-कृष्ण-शिव उपासना, नैतिकता र क्षेत्रीय धार्मिक परम्परा",क्षेत्रीय भक्तिग्रन्थ,क्षेत्रीय भक्ति
HG0896,तिरुक्कुरुंताण्डकम्,तिरुक्कुरुंताण्डकम्,विभिन्न सन्त/कवि,"भक्ति, राम-कृष्ण-शिव उपासना, नैतिकता र क्षेत्रीय धार्मिक परम्परा",क्षेत्रीय भक्तिग्रन्थ,क्षेत्रीय भक्ति
HG0897,तिरुमडाल्,तिरुमडाल्,विभिन्न सन्त/कवि,"भक्ति, राम-कृष्ण-शिव उपासना, नैतिकता र क्षेत्रीय धार्मिक परम्परा",क्षेत्रीय भक्तिग्रन्थ,क्षेत्रीय भक्ति
HG0898,तिरुमुरै,तिरुमुरै,विभिन्न सन्त/कवि,"भक्ति, राम-कृष्ण-शिव उपासना, नैतिकता र क्षेत्रीय धार्मिक परम्परा",क्षेत्रीय भक्तिग्रन्थ,क्षेत्रीय भक्ति
HG0899,तिरुप्पा,तिरुप्पा,विभिन्न सन्त/कवि,"भक्ति, राम-कृष्ण-शिव उपासना, नैतिकता र क्षेत्रीय धार्मिक परम्परा",क्षेत्रीय भक्तिग्रन्थ,क्षेत्रीय भक्ति
HG0900,आन्ध्रमहाभारतम्,आन्ध्रमहाभारतम्,विभिन्न सन्त/कवि,"भक्ति, राम-कृष्ण-शिव उपासना, नैतिकता र क्षेत्रीय धार्मिक परम्परा",क्षेत्रीय भक्तिग्रन्थ,क्षेत्रीय भक्ति
HG0901,रङ्गनाथरामायणम्,रङ्गनाथरामायणम्,विभिन्न सन्त/कवि,"भक्ति, राम-कृष्ण-शिव उपासना, नैतिकता र क्षेत्रीय धार्मिक परम्परा",क्षेत्रीय भक्तिग्रन्थ,क्षेत्रीय भक्ति
HG0902,आन्ध्रभागवतम्,आन्ध्रभागवतम्,विभिन्न सन्त/कवि,"भक्ति, राम-कृष्ण-शिव उपासना, नैतिकता र क्षेत्रीय धार्मिक परम्परा",क्षेत्रीय भक्तिग्रन्थ,क्षेत्रीय भक्ति
HG0903,अमुक्तमाल्यदा,अमुक्तमाल्यदा,विभिन्न सन्त/कवि,"भक्ति, राम-कृष्ण-शिव उपासना, नैतिकता र क्षेत्रीय धार्मिक परम्परा",क्षेत्रीय भक्तिग्रन्थ,क्षेत्रीय भक्ति
HG0904,बसवपुराणम्,बसवपुराणम्,विभिन्न सन्त/कवि,"भक्ति, राम-कृष्ण-शिव उपासना, नैतिकता र क्षेत्रीय धार्मिक परम्परा",क्षेत्रीय भक्तिग्रन्थ,क्षेत्रीय भक्ति
HG0905,पम्परामायणम्,पम्परामायणम्,विभिन्न सन्त/कवि,"भक्ति, राम-कृष्ण-शिव उपासना, नैतिकता र क्षेत्रीय धार्मिक परम्परा",क्षेत्रीय भक्तिग्रन्थ,क्षेत्रीय भक्ति
HG0906,कन्नडमहाभारत,कन्नडमहाभारत,विभिन्न सन्त/कवि,"भक्ति, राम-कृष्ण-शिव उपासना, नैतिकता र क्षेत्रीय धार्मिक परम्परा",क्षेत्रीय भक्तिग्रन्थ,क्षेत्रीय भक्ति
HG0907,कन्नडभागवत,कन्नडभागवत,विभिन्न सन्त/कवि,"भक्ति, राम-कृष्ण-शिव उपासना, नैतिकता र क्षेत्रीय धार्मिक परम्परा",क्षेत्रीय भक्तिग्रन्थ,क्षेत्रीय भक्ति
HG0908,कन्नडरामायण,कन्नडरामायण,विभिन्न सन्त/कवि,"भक्ति, राम-कृष्ण-शिव उपासना, नैतिकता र क्षेत्रीय धार्मिक परम्परा",क्षेत्रीय भक्तिग्रन्थ,क्षेत्रीय भक्ति
HG0909,हरिदाससाहित्य,हरिदाससाहित्य,विभिन्न सन्त/कवि,"भक्ति, राम-कृष्ण-शिव उपासना, नैतिकता र क्षेत्रीय धार्मिक परम्परा",क्षेत्रीय भक्तिग्रन्थ,क्षेत्रीय भक्ति
HG0910,कृष्णगाथा,कृष्णगाथा,विभिन्न सन्त/कवि,"भक्ति, राम-कृष्ण-शिव उपासना, नैतिकता र क्षेत्रीय धार्मिक परम्परा",क्षेत्रीय भक्तिग्रन्थ,क्षेत्रीय भक्ति
HG0911,अध्यात्मरामायणम्,अध्यात्मरामायणम्,विभिन्न सन्त/कवि,"भक्ति, राम-कृष्ण-शिव उपासना, नैतिकता र क्षेत्रीय धार्मिक परम्परा",क्षेत्रीय भक्तिग्रन्थ,क्षेत्रीय भक्ति
HG0912,ज्ञानप्पाना,ज्ञानप्पाना,विभिन्न सन्त/कवि,"भक्ति, राम-कृष्ण-शिव उपासना, नैतिकता र क्षेत्रीय धार्मिक परम्परा",क्षेत्रीय भक्तिग्रन्थ,क्षेत्रीय भक्ति
HG0913,नारायणीयम्,नारायणीयम्,विभिन्न सन्त/कवि,"भक्ति, राम-कृष्ण-शिव उपासना, नैतिकता र क्षेत्रीय धार्मिक परम्परा",क्षेत्रीय भक्तिग्रन्थ,क्षेत्रीय भक्ति
HG0914,हरिनामकीर्तनम्,हरिनामकीर्तनम्,विभिन्न सन्त/कवि,"भक्ति, राम-कृष्ण-शिव उपासना, नैतिकता र क्षेत्रीय धार्मिक परम्परा",क्षेत्रीय भक्तिग्रन्थ,क्षेत्रीय भक्ति
HG0915,विनयपत्रिका,विनयपत्रिका,विभिन्न सन्त/कवि,"भक्ति, राम-कृष्ण-शिव उपासना, नैतिकता र क्षेत्रीय धार्मिक परम्परा",क्षेत्रीय भक्तिग्रन्थ,क्षेत्रीय भक्ति
HG0916,कवितावली,कवितावली,विभिन्न सन्त/कवि,"भक्ति, राम-कृष्ण-शिव उपासना, नैतिकता र क्षेत्रीय धार्मिक परम्परा",क्षेत्रीय भक्तिग्रन्थ,क्षेत्रीय भक्ति
HG0917,गीतावली,गीतावली,विभिन्न सन्त/कवि,"भक्ति, राम-कृष्ण-शिव उपासना, नैतिकता र क्षेत्रीय धार्मिक परम्परा",क्षेत्रीय भक्तिग्रन्थ,क्षेत्रीय भक्ति
HG0918,दोहावली,दोहावली,विभिन्न सन्त/कवि,"भक्ति, राम-कृष्ण-शिव उपासना, नैतिकता र क्षेत्रीय धार्मिक परम्परा",क्षेत्रीय भक्तिग्रन्थ,क्षेत्रीय भक्ति
HG0919,हनुमानबाहुक,हनुमानबाहुक,विभिन्न सन्त/कवि,"भक्ति, राम-कृष्ण-शिव उपासना, नैतिकता र क्षेत्रीय धार्मिक परम्परा",क्षेत्रीय भक्तिग्रन्थ,क्षेत्रीय भक्ति
HG0920,सूरसागर,सूरसागर,विभिन्न सन्त/कवि,"भक्ति, राम-कृष्ण-शिव उपासना, नैतिकता र क्षेत्रीय धार्मिक परम्परा",क्षेत्रीय भक्तिग्रन्थ,क्षेत्रीय भक्ति
HG0921,सूरसारावली,सूरसारावली,विभिन्न सन्त/कवि,"भक्ति, राम-कृष्ण-शिव उपासना, नैतिकता र क्षेत्रीय धार्मिक परम्परा",क्षेत्रीय भक्तिग्रन्थ,क्षेत्रीय भक्ति
HG0922,साहित्यलहरी,साहित्यलहरी,विभिन्न सन्त/कवि,"भक्ति, राम-कृष्ण-शिव उपासना, नैतिकता र क्षेत्रीय धार्मिक परम्परा",क्षेत्रीय भक्तिग्रन्थ,क्षेत्रीय भक्ति
HG0923,भागवतसारसंग्रह,भागवतसारसंग्रह,विभिन्न आचार्य/परम्परा,"भक्ति, वैष्णव दर्शन, उपासना र मोक्ष",भक्तिदर्शन/ग्रन्थ,भक्ति/वैष्णव दर्शन
HG0924,मोक्षधर्म,मोक्षधर्म,विभिन्न आचार्य/परम्परा,"भक्ति, वैष्णव दर्शन, उपासना र मोक्ष",भक्तिदर्शन/ग्रन्थ,भक्ति/वैष्णव दर्शन
HG0925,नारायणीय,नारायणीय,विभिन्न आचार्य/परम्परा,"भक्ति, वैष्णव दर्शन, उपासना र मोक्ष",भक्तिदर्शन/ग्रन्थ,भक्ति/वैष्णव दर्शन
HG0926,शरणागतिदीपिका,शरणागतिदीपिका,विभिन्न आचार्य/परम्परा,"भक्ति, वैष्णव दर्शन, उपासना र मोक्ष",भक्तिदर्शन/ग्रन्थ,भक्ति/वैष्णव दर्शन
HG0927,रहस्यत्रयसार,रहस्यत्रयसार,विभिन्न आचार्य/परम्परा,"भक्ति, वैष्णव दर्शन, उपासना र मोक्ष",भक्तिदर्शन/ग्रन्थ,भक्ति/वैष्णव दर्शन
HG0928,भक्तिरसायन,भक्तिरसायन,विभिन्न आचार्य/परम्परा,"भक्ति, वैष्णव दर्शन, उपासना र मोक्ष",भक्तिदर्शन/ग्रन्थ,भक्ति/वैष्णव दर्शन
HG0929,भक्तिरसामृतसिन्धु,भक्तिरसामृतसिन्धु,विभिन्न आचार्य/परम्परा,"भक्ति, वैष्णव दर्शन, उपासना र मोक्ष",भक्तिदर्शन/ग्रन्थ,भक्ति/वैष्णव दर्शन
HG0930,उज्ज्वलनीलमणि,उज्ज्वलनीलमणि,विभिन्न आचार्य/परम्परा,"भक्ति, वैष्णव दर्शन, उपासना र मोक्ष",भक्तिदर्शन/ग्रन्थ,भक्ति/वैष्णव दर्शन
HG0931,हरिभक्तिविलास,हरिभक्तिविलास,विभिन्न आचार्य/परम्परा,"भक्ति, वैष्णव दर्शन, उपासना र मोक्ष",भक्तिदर्शन/ग्रन्थ,भक्ति/वैष्णव दर्शन
HG0932,गोविन्दभाष्य,गोविन्दभाष्य,विभिन्न आचार्य/परम्परा,"भक्ति, वैष्णव दर्शन, उपासना र मोक्ष",भक्तिदर्शन/ग्रन्थ,भक्ति/वैष्णव दर्शन
HG0933,गोपालचम्पू,गोपालचम्पू,विभिन्न आचार्य/परम्परा,"भक्ति, वैष्णव दर्शन, उपासना र मोक्ष",भक्तिदर्शन/ग्रन्थ,भक्ति/वैष्णव दर्शन
HG0934,कृष्णसन्दर्भ,कृष्णसन्दर्भ,विभिन्न आचार्य/परम्परा,"भक्ति, वैष्णव दर्शन, उपासना र मोक्ष",भक्तिदर्शन/ग्रन्थ,भक्ति/वैष्णव दर्शन
HG0935,तत्त्वसन्दर्भ,तत्त्वसन्दर्भ,विभिन्न आचार्य/परम्परा,"भक्ति, वैष्णव दर्शन, उपासना र मोक्ष",भक्तिदर्शन/ग्रन्थ,भक्ति/वैष्णव दर्शन
HG0936,भगवत्सन्दर्भ,भगवत्सन्दर्भ,विभिन्न आचार्य/परम्परा,"भक्ति, वैष्णव दर्शन, उपासना र मोक्ष",भक्तिदर्शन/ग्रन्थ,भक्ति/वैष्णव दर्शन
HG0937,परमात्मसन्दर्भ,परमात्मसन्दर्भ,विभिन्न आचार्य/परम्परा,"भक्ति, वैष्णव दर्शन, उपासना र मोक्ष",भक्तिदर्शन/ग्रन्थ,भक्ति/वैष्णव दर्शन
HG0938,नारायणोत्तर-संहिता,नारायणोत्तर-संहिता,पाञ्चरात्र परम्परा/परम्परागत,"वैष्णव आगम, संहिता, मन्दिर-उपासना, मन्त्र र तत्त्व",पाञ्चरात्र संहिता,वैष्णव/पाञ्चरात्र
HG0939,नारायणकल्प-संहिता,नारायणकल्प-संहिता,पाञ्चरात्र परम्परा/परम्परागत,"वैष्णव आगम, संहिता, मन्दिर-उपासना, मन्त्र र तत्त्व",पाञ्चरात्र संहिता,वैष्णव/पाञ्चरात्र
HG0940,नरसिंहपाद्म-संहिता,नरसिंहपाद्म-संहिता,पाञ्चरात्र परम्परा/परम्परागत,"वैष्णव आगम, संहिता, मन्दिर-उपासना, मन्त्र र तत्त्व",पाञ्चरात्र संहिता,वैष्णव/पाञ्चरात्र
HG0941,ज्ञानार्णव-संहिता,ज्ञानार्णव-संहिता,पाञ्चरात्र परम्परा/परम्परागत,"वैष्णव आगम, संहिता, मन्दिर-उपासना, मन्त्र र तत्त्व",पाञ्चरात्र संहिता,वैष्णव/पाञ्चरात्र
HG0942,तन्त्रतिलक-संहिता,तन्त्रतिलक-संहिता,पाञ्चरात्र परम्परा/परम्परागत,"वैष्णव आगम, संहिता, मन्दिर-उपासना, मन्त्र र तत्त्व",पाञ्चरात्र संहिता,वैष्णव/पाञ्चरात्र
HG0943,त्रयशतोत्तर-संहिता,त्रयशतोत्तर-संहिता,पाञ्चरात्र परम्परा/परम्परागत,"वैष्णव आगम, संहिता, मन्दिर-उपासना, मन्त्र र तत्त्व",पाञ्चरात्र संहिता,वैष्णव/पाञ्चरात्र
HG0944,दुर्वासा-संहिता,दुर्वासा-संहिता,पाञ्चरात्र परम्परा/परम्परागत,"वैष्णव आगम, संहिता, मन्दिर-उपासना, मन्त्र र तत्त्व",पाञ्चरात्र संहिता,वैष्णव/पाञ्चरात्र
HG0945,नरसिंह-संहिता,नरसिंह-संहिता,पाञ्चरात्र परम्परा/परम्परागत,"वैष्णव आगम, संहिता, मन्दिर-उपासना, मन्त्र र तत्त्व",पाञ्चरात्र संहिता,वैष्णव/पाञ्चरात्र
HG0946,नारायण-संहिता,नारायण-संहिता,पाञ्चरात्र परम्परा/परम्परागत,"वैष्णव आगम, संहिता, मन्दिर-उपासना, मन्त्र र तत्त्व",पाञ्चरात्र संहिता,वैष्णव/पाञ्चरात्र
HG0947,बृहस्पति-महातन्त्रम्,बृहस्पति-महातन्त्रम्,पाञ्चरात्र परम्परा/परम्परागत,"वैष्णव आगम, संहिता, मन्दिर-उपासना, मन्त्र र तत्त्व",पाञ्चरात्र संहिता,वैष्णव/पाञ्चरात्र
HG0948,बोधायन-तन्त्रम्,बोधायन-तन्त्रम्,पाञ्चरात्र परम्परा/परम्परागत,"वैष्णव आगम, संहिता, मन्दिर-उपासना, मन्त्र र तत्त्व",पाञ्चरात्र संहिता,वैष्णव/पाञ्चरात्र
HG0949,ब्रह्म-तन्त्रम्,ब्रह्म-तन्त्रम्,पाञ्चरात्र परम्परा/परम्परागत,"वैष्णव आगम, संहिता, मन्दिर-उपासना, मन्त्र र तत्त्व",पाञ्चरात्र संहिता,वैष्णव/पाञ्चरात्र
HG0950,महाकाल-पाञ्चरात्रम्,महाकाल-पाञ्चरात्रम्,पाञ्चरात्र परम्परा/परम्परागत,"वैष्णव आगम, संहिता, मन्दिर-उपासना, मन्त्र र तत्त्व",पाञ्चरात्र संहिता,वैष्णव/पाञ्चरात्र
HG0951,महासानत्कुमार-संहिता,महासानत्कुमार-संहिता,पाञ्चरात्र परम्परा/परम्परागत,"वैष्णव आगम, संहिता, मन्दिर-उपासना, मन्त्र र तत्त्व",पाञ्चरात्र संहिता,वैष्णव/पाञ्चरात्र
HG0952,माहेश्वर-तन्त्रम्,माहेश्वर-तन्त्रम्,पाञ्चरात्र परम्परा/परम्परागत,"वैष्णव आगम, संहिता, मन्दिर-उपासना, मन्त्र र तत्त्व",पाञ्चरात्र संहिता,वैष्णव/पाञ्चरात्र
HG0953,श्री-शास्त्रम्,श्री-शास्त्रम्,पाञ्चरात्र परम्परा/परम्परागत,"वैष्णव आगम, संहिता, मन्दिर-उपासना, मन्त्र र तत्त्व",पाञ्चरात्र संहिता,वैष्णव/पाञ्चरात्र
HG0954,श्रीकालपरा-संहिता,श्रीकालपरा-संहिता,पाञ्चरात्र परम्परा/परम्परागत,"वैष्णव आगम, संहिता, मन्दिर-उपासना, मन्त्र र तत्त्व",पाञ्चरात्र संहिता,वैष्णव/पाञ्चरात्र
HG0955,श्रीधर-संहिता,श्रीधर-संहिता,पाञ्चरात्र परम्परा/परम्परागत,"वैष्णव आगम, संहिता, मन्दिर-उपासना, मन्त्र र तत्त्व",पाञ्चरात्र संहिता,वैष्णव/पाञ्चरात्र
HG0956,सङ्कर्षण-संहिता,सङ्कर्षण-संहिता,पाञ्चरात्र परम्परा/परम्परागत,"वैष्णव आगम, संहिता, मन्दिर-उपासना, मन्त्र र तत्त्व",पाञ्चरात्र संहिता,वैष्णव/पाञ्चरात्र
HG0957,सनक-संहिता,सनक-संहिता,पाञ्चरात्र परम्परा/परम्परागत,"वैष्णव आगम, संहिता, मन्दिर-उपासना, मन्त्र र तत्त्व",पाञ्चरात्र संहिता,वैष्णव/पाञ्चरात्र
HG0958,सनत्-संहिता,सनत्-संहिता,पाञ्चरात्र परम्परा/परम्परागत,"वैष्णव आगम, संहिता, मन्दिर-उपासना, मन्त्र र तत्त्व",पाञ्चरात्र संहिता,वैष्णव/पाञ्चरात्र
HG0959,सनन्द-संहिता,सनन्द-संहिता,पाञ्चरात्र परम्परा/परम्परागत,"वैष्णव आगम, संहिता, मन्दिर-उपासना, मन्त्र र तत्त्व",पाञ्चरात्र संहिता,वैष्णव/पाञ्चरात्र
HG0960,सात्यकि-तन्त्रम्,सात्यकि-तन्त्रम्,पाञ्चरात्र परम्परा/परम्परागत,"वैष्णव आगम, संहिता, मन्दिर-उपासना, मन्त्र र तत्त्व",पाञ्चरात्र संहिता,वैष्णव/पाञ्चरात्र
HG0961,सारसमुच्चय-संहिता,सारसमुच्चय-संहिता,पाञ्चरात्र परम्परा/परम्परागत,"वैष्णव आगम, संहिता, मन्दिर-उपासना, मन्त्र र तत्त्व",पाञ्चरात्र संहिता,वैष्णव/पाञ्चरात्र
HG0962,साम्वर्त-संहिता,साम्वर्त-संहिता,पाञ्चरात्र परम्परा/परम्परागत,"वैष्णव आगम, संहिता, मन्दिर-उपासना, मन्त्र र तत्त्व",पाञ्चरात्र संहिता,वैष्णव/पाञ्चरात्र
HG0963,सुदर्शन-संहिता,सुदर्शन-संहिता,पाञ्चरात्र परम्परा/परम्परागत,"वैष्णव आगम, संहिता, मन्दिर-उपासना, मन्त्र र तत्त्व",पाञ्चरात्र संहिता,वैष्णव/पाञ्चरात्र
HG0964,सुपर्णप्रश्न-संहिता,सुपर्णप्रश्न-संहिता,पाञ्चरात्र परम्परा/परम्परागत,"वैष्णव आगम, संहिता, मन्दिर-उपासना, मन्त्र र तत्त्व",पाञ्चरात्र संहिता,वैष्णव/पाञ्चरात्र
HG0965,हयग्रीव-तन्त्रम्,हयग्रीव-तन्त्रम्,पाञ्चरात्र परम्परा/परम्परागत,"वैष्णव आगम, संहिता, मन्दिर-उपासना, मन्त्र र तत्त्व",पाञ्चरात्र संहिता,वैष्णव/पाञ्चरात्र
HG0966,हंसपारमेश्वर-संहिता,हंसपारमेश्वर-संहिता,पाञ्चरात्र परम्परा/परम्परागत,"वैष्णव आगम, संहिता, मन्दिर-उपासना, मन्त्र र तत्त्व",पाञ्चरात्र संहिता,वैष्णव/पाञ्चरात्र
HG0967,हिरण्यगर्भ-संहिता,हिरण्यगर्भ-संहिता,पाञ्चरात्र परम्परा/परम्परागत,"वैष्णव आगम, संहिता, मन्दिर-उपासना, मन्त्र र तत्त्व",पाञ्चरात्र संहिता,वैष्णव/पाञ्चरात्र
HG0968,कालोत्तर-संहिता,कालोत्तर-संहिता,पाञ्चरात्र परम्परा/परम्परागत,"वैष्णव आगम, संहिता, मन्दिर-उपासना, मन्त्र र तत्त्व",पाञ्चरात्र संहिता,वैष्णव/पाञ्चरात्र
HG0969,श्रीमन्नारायण-संहिता,श्रीमन्नारायण-संहिता,पाञ्चरात्र परम्परा/परम्परागत,"वैष्णव आगम, संहिता, मन्दिर-उपासना, मन्त्र र तत्त्व",पाञ्चरात्र संहिता,वैष्णव/पाञ्चरात्र
HG0970,विश्वेश्वर-संहिता,विश्वेश्वर-संहिता,पाञ्चरात्र परम्परा/परम्परागत,"वैष्णव आगम, संहिता, मन्दिर-उपासना, मन्त्र र तत्त्व",पाञ्चरात्र संहिता,वैष्णव/पाञ्चरात्र
HG0971,वैहायसी-संहिता,वैहायसी-संहिता,पाञ्चरात्र परम्परा/परम्परागत,"वैष्णव आगम, संहिता, मन्दिर-उपासना, मन्त्र र तत्त्व",पाञ्चरात्र संहिता,वैष्णव/पाञ्चरात्र
HG0972,शुकप्रश्न-संहिता,शुकप्रश्न-संहिता,पाञ्चरात्र परम्परा/परम्परागत,"वैष्णव आगम, संहिता, मन्दिर-उपासना, मन्त्र र तत्त्व",पाञ्चरात्र संहिता,वैष्णव/पाञ्चरात्र
HG0973,शौनक-संहिता,शौनक-संहिता,पाञ्चरात्र परम्परा/परम्परागत,"वैष्णव आगम, संहिता, मन्दिर-उपासना, मन्त्र र तत्त्व",पाञ्चरात्र संहिता,वैष्णव/पाञ्चरात्र
HG0974,शौनकीय-संहिता,शौनकीय-संहिता,पाञ्चरात्र परम्परा/परम्परागत,"वैष्णव आगम, संहिता, मन्दिर-उपासना, मन्त्र र तत्त्व",पाञ्चरात्र संहिता,वैष्णव/पाञ्चरात्र
HG0975,वृद्धपाद्म-संहिता,वृद्धपाद्म-संहिता,पाञ्चरात्र परम्परा/परम्परागत,"वैष्णव आगम, संहिता, मन्दिर-उपासना, मन्त्र र तत्त्व",पाञ्चरात्र संहिता,वैष्णव/पाञ्चरात्र
HG0976,वासुदेव-संहिता,वासुदेव-संहिता,पाञ्चरात्र परम्परा/परम्परागत,"वैष्णव आगम, संहिता, मन्दिर-उपासना, मन्त्र र तत्त्व",पाञ्चरात्र संहिता,वैष्णव/पाञ्चरात्र
HG0977,विश्व-संहिता,विश्व-संहिता,पाञ्चरात्र परम्परा/परम्परागत,"वैष्णव आगम, संहिता, मन्दिर-उपासना, मन्त्र र तत्त्व",पाञ्चरात्र संहिता,वैष्णव/पाञ्चरात्र
HG0978,विष्णुतत्त्व-संहिता,विष्णुतत्त्व-संहिता,पाञ्चरात्र परम्परा/परम्परागत,"वैष्णव आगम, संहिता, मन्दिर-उपासना, मन्त्र र तत्त्व",पाञ्चरात्र संहिता,वैष्णव/पाञ्चरात्र
HG0979,विष्णुरहस्य-संहिता,विष्णुरहस्य-संहिता,पाञ्चरात्र परम्परा/परम्परागत,"वैष्णव आगम, संहिता, मन्दिर-उपासना, मन्त्र र तत्त्व",पाञ्चरात्र संहिता,वैष्णव/पाञ्चरात्र
HG0980,विष्णुमन्दिर-संहिता,विष्णुमन्दिर-संहिता,पाञ्चरात्र परम्परा/परम्परागत,"वैष्णव आगम, संहिता, मन्दिर-उपासना, मन्त्र र तत्त्व",पाञ्चरात्र संहिता,वैष्णव/पाञ्चरात्र
HG0981,विष्णुसिद्धान्त-संहिता,विष्णुसिद्धान्त-संहिता,पाञ्चरात्र परम्परा/परम्परागत,"वैष्णव आगम, संहिता, मन्दिर-उपासना, मन्त्र र तत्त्व",पाञ्चरात्र संहिता,वैष्णव/पाञ्चरात्र
HG0982,विष्वक्सेन-संहिता,विष्वक्सेन-संहिता,पाञ्चरात्र परम्परा/परम्परागत,"वैष्णव आगम, संहिता, मन्दिर-उपासना, मन्त्र र तत्त्व",पाञ्चरात्र संहिता,वैष्णव/पाञ्चरात्र
HG0983,विहगेन्द्र-संहिता,विहगेन्द्र-संहिता,पाञ्चरात्र परम्परा/परम्परागत,"वैष्णव आगम, संहिता, मन्दिर-उपासना, मन्त्र र तत्त्व",पाञ्चरात्र संहिता,वैष्णव/पाञ्चरात्र
HG0984,विहगेश्वर-संहिता,विहगेश्वर-संहिता,पाञ्चरात्र परम्परा/परम्परागत,"वैष्णव आगम, संहिता, मन्दिर-उपासना, मन्त्र र तत्त्व",पाञ्चरात्र संहिता,वैष्णव/पाञ्चरात्र
HG0985,पद्मनाभ-संहिता,पद्मनाभ-संहिता,पाञ्चरात्र परम्परा/परम्परागत,"वैष्णव आगम, संहिता, मन्दिर-उपासना, मन्त्र र तत्त्व",पाञ्चरात्र संहिता,वैष्णव/पाञ्चरात्र
HG0986,पद्मोद्भव-संहिता,पद्मोद्भव-संहिता,पाञ्चरात्र परम्परा/परम्परागत,"वैष्णव आगम, संहिता, मन्दिर-उपासना, मन्त्र र तत्त्व",पाञ्चरात्र संहिता,वैष्णव/पाञ्चरात्र
HG0987,परमेष्ठ्य-संहिता,परमेष्ठ्य-संहिता,पाञ्चरात्र परम्परा/परम्परागत,"वैष्णव आगम, संहिता, मन्दिर-उपासना, मन्त्र र तत्त्व",पाञ्चरात्र संहिता,वैष्णव/पाञ्चरात्र
HG0988,पाराशर्य-संहिता,पाराशर्य-संहिता,पाञ्चरात्र परम्परा/परम्परागत,"वैष्णव आगम, संहिता, मन्दिर-उपासना, मन्त्र र तत्त्व",पाञ्चरात्र संहिता,वैष्णव/पाञ्चरात्र
HG0989,पूर्ण-संहिता,पूर्ण-संहिता,पाञ्चरात्र परम्परा/परम्परागत,"वैष्णव आगम, संहिता, मन्दिर-उपासना, मन्त्र र तत्त्व",पाञ्चरात्र संहिता,वैष्णव/पाञ्चरात्र
HG0990,प्रद्युम्न-संहिता,प्रद्युम्न-संहिता,पाञ्चरात्र परम्परा/परम्परागत,"वैष्णव आगम, संहिता, मन्दिर-उपासना, मन्त्र र तत्त्व",पाञ्चरात्र संहिता,वैष्णव/पाञ्चरात्र
HG0991,प्रह्लाद-संहिता,प्रह्लाद-संहिता,पाञ्चरात्र परम्परा/परम्परागत,"वैष्णव आगम, संहिता, मन्दिर-उपासना, मन्त्र र तत्त्व",पाञ्चरात्र संहिता,वैष्णव/पाञ्चरात्र
HG0992,बलपौष्कर-संहिता,बलपौष्कर-संहिता,पाञ्चरात्र परम्परा/परम्परागत,"वैष्णव आगम, संहिता, मन्दिर-उपासना, मन्त्र र तत्त्व",पाञ्चरात्र संहिता,वैष्णव/पाञ्चरात्र
HG0993,बृहद्ब्रह्म-संहिता,बृहद्ब्रह्म-संहिता,पाञ्चरात्र परम्परा/परम्परागत,"वैष्णव आगम, संहिता, मन्दिर-उपासना, मन्त्र र तत्त्व",पाञ्चरात्र संहिता,वैष्णव/पाञ्चरात्र
HG0994,भृगुसंहिता,भृगुसंहिता,पाञ्चरात्र परम्परा/परम्परागत,"वैष्णव आगम, संहिता, मन्दिर-उपासना, मन्त्र र तत्त्व",पाञ्चरात्र संहिता,वैष्णव/पाञ्चरात्र
HG0995,गोविन्द-संहिता,गोविन्द-संहिता,पाञ्चरात्र परम्परा/परम्परागत,"वैष्णव आगम, संहिता, मन्दिर-उपासना, मन्त्र र तत्त्व",पाञ्चरात्र संहिता,वैष्णव/पाञ्चरात्र
HG0996,गौतम-संहिता,गौतम-संहिता,पाञ्चरात्र परम्परा/परम्परागत,"वैष्णव आगम, संहिता, मन्दिर-उपासना, मन्त्र र तत्त्व",पाञ्चरात्र संहिता,वैष्णव/पाञ्चरात्र
HG0997,जयॊत्तर-संहिता,जयॊत्तर-संहिता,पाञ्चरात्र परम्परा/परम्परागत,"वैष्णव आगम, संहिता, मन्दिर-उपासना, मन्त्र र तत्त्व",पाञ्चरात्र संहिता,वैष्णव/पाञ्चरात्र
HG0998,पाञ्चरात्ररत्न-संहिता,पाञ्चरात्ररत्न-संहिता,वैखानस/वैष्णव परम्परा,"वैष्णव आगम, मन्दिर-पूजा, अर्चना, कर्मकाण्ड र तत्त्व",वैखानस/वैष्णव आगम,वैष्णव/वैखानस
HG0999,पाञ्चरात्रसार-संहिता,पाञ्चरात्रसार-संहिता,वैखानस/वैष्णव परम्परा,"वैष्णव आगम, मन्दिर-पूजा, अर्चना, कर्मकाण्ड र तत्त्व",वैखानस/वैष्णव आगम,वैष्णव/वैखानस
HG1000,नारायणतत्त्व-संहिता,नारायणतत्त्व-संहिता,वैखानस/वैष्णव परम्परा,"वैष्णव आगम, मन्दिर-पूजा, अर्चना, कर्मकाण्ड र तत्त्व",वैखानस/वैष्णव आगम,वैष्णव/वैखानस
HG1001,आत्‍रेयतन्त्रम्,आत्‍रेयतन्त्रम्,वैखानस/वैष्णव परम्परा,"वैष्णव आगम, मन्दिर-पूजा, अर्चना, कर्मकाण्ड र तत्त्व",वैखानस/वैष्णव आगम,वैष्णव/वैखानस
HG1002,पूर्वतन्त्रम्,पूर्वतन्त्रम्,वैखानस/वैष्णव परम्परा,"वैष्णव आगम, मन्दिर-पूजा, अर्चना, कर्मकाण्ड र तत्त्व",वैखानस/वैष्णव आगम,वैष्णव/वैखानस
HG1003,उत्तरतन्त्रम्,उत्तरतन्त्रम्,वैखानस/वैष्णव परम्परा,"वैष्णव आगम, मन्दिर-पूजा, अर्चना, कर्मकाण्ड र तत्त्व",वैखानस/वैष्णव आगम,वैष्णव/वैखानस
HG1004,विष्णुतन्त्रम्,विष्णुतन्त्रम्,वैखानस/वैष्णव परम्परा,"वैष्णव आगम, मन्दिर-पूजा, अर्चना, कर्मकाण्ड र तत्त्व",वैखानस/वैष्णव आगम,वैष्णव/वैखानस
HG1005,अर्चाधिकारः,अर्चाधिकारः,वैखानस/वैष्णव परम्परा,"वैष्णव आगम, मन्दिर-पूजा, अर्चना, कर्मकाण्ड र तत्त्व",वैखानस/वैष्णव आगम,वैष्णव/वैखानस
HG1006,चित्राधिकारः,चित्राधिकारः,वैखानस/वैष्णव परम्परा,"वैष्णव आगम, मन्दिर-पूजा, अर्चना, कर्मकाण्ड र तत्त्व",वैखानस/वैष्णव आगम,वैष्णव/वैखानस
HG1007,खिलाधिकारः,खिलाधिकारः,वैखानस/वैष्णव परम्परा,"वैष्णव आगम, मन्दिर-पूजा, अर्चना, कर्मकाण्ड र तत्त्व",वैखानस/वैष्णव आगम,वैष्णव/वैखानस
HG1008,क्रियाधिकारः,क्रियाधिकारः,वैखानस/वैष्णव परम्परा,"वैष्णव आगम, मन्दिर-पूजा, अर्चना, कर्मकाण्ड र तत्त्व",वैखानस/वैष्णव आगम,वैष्णव/वैखानस
HG1009,मानाधिकारः,मानाधिकारः,वैखानस/वैष्णव परम्परा,"वैष्णव आगम, मन्दिर-पूजा, अर्चना, कर्मकाण्ड र तत्त्व",वैखानस/वैष्णव आगम,वैष्णव/वैखानस
HG1010,निरुक्ताधिकारः,निरुक्ताधिकारः,वैखानस/वैष्णव परम्परा,"वैष्णव आगम, मन्दिर-पूजा, अर्चना, कर्मकाण्ड र तत्त्व",वैखानस/वैष्णव आगम,वैष्णव/वैखानस
HG1011,प्रकीर्णाधिकारः,प्रकीर्णाधिकारः,वैखानस/वैष्णव परम्परा,"वैष्णव आगम, मन्दिर-पूजा, अर्चना, कर्मकाण्ड र तत्त्व",वैखानस/वैष्णव आगम,वैष्णव/वैखानस
HG1012,प्रतिगृह्याधिकारः,प्रतिगृह्याधिकारः,वैखानस/वैष्णव परम्परा,"वैष्णव आगम, मन्दिर-पूजा, अर्चना, कर्मकाण्ड र तत्त्व",वैखानस/वैष्णव आगम,वैष्णव/वैखानस
HG1013,पुरातन्त्रः,पुरातन्त्रः,वैखानस/वैष्णव परम्परा,"वैष्णव आगम, मन्दिर-पूजा, अर्चना, कर्मकाण्ड र तत्त्व",वैखानस/वैष्णव आगम,वैष्णव/वैखानस
HG1014,वासाधिकारः,वासाधिकारः,वैखानस/वैष्णव परम्परा,"वैष्णव आगम, मन्दिर-पूजा, अर्चना, कर्मकाण्ड र तत्त्व",वैखानस/वैष्णव आगम,वैष्णव/वैखानस
HG1015,यज्ञाधिकारः,यज्ञाधिकारः,वैखानस/वैष्णव परम्परा,"वैष्णव आगम, मन्दिर-पूजा, अर्चना, कर्मकाण्ड र तत्त्व",वैखानस/वैष्णव आगम,वैष्णव/वैखानस
HG1016,वर्णाधिकारः,वर्णाधिकारः,वैखानस/वैष्णव परम्परा,"वैष्णव आगम, मन्दिर-पूजा, अर्चना, कर्मकाण्ड र तत्त्व",वैखानस/वैष्णव आगम,वैष्णव/वैखानस
HG1017,जयसंहिता,जयसंहिता,वैखानस/वैष्णव परम्परा,"वैष्णव आगम, मन्दिर-पूजा, अर्चना, कर्मकाण्ड र तत्त्व",वैखानस/वैष्णव आगम,वैष्णव/वैखानस
HG1018,संज्ञानसंहिता,संज्ञानसंहिता,वैखानस/वैष्णव परम्परा,"वैष्णव आगम, मन्दिर-पूजा, अर्चना, कर्मकाण्ड र तत्त्व",वैखानस/वैष्णव आगम,वैष्णव/वैखानस
HG1019,वीरसंहिता,वीरसंहिता,वैखानस/वैष्णव परम्परा,"वैष्णव आगम, मन्दिर-पूजा, अर्चना, कर्मकाण्ड र तत्त्व",वैखानस/वैष्णव आगम,वैष्णव/वैखानस
HG1020,विजयसंहिता,विजयसंहिता,वैखानस/वैष्णव परम्परा,"वैष्णव आगम, मन्दिर-पूजा, अर्चना, कर्मकाण्ड र तत्त्व",वैखानस/वैष्णव आगम,वैष्णव/वैखानस
HG1021,विजितसंहिता,विजितसंहिता,वैखानस/वैष्णव परम्परा,"वैष्णव आगम, मन्दिर-पूजा, अर्चना, कर्मकाण्ड र तत्त्व",वैखानस/वैष्णव आगम,वैष्णव/वैखानस
HG1022,विमलसंहिता,विमलसंहिता,वैखानस/वैष्णव परम्परा,"वैष्णव आगम, मन्दिर-पूजा, अर्चना, कर्मकाण्ड र तत्त्व",वैखानस/वैष्णव आगम,वैष्णव/वैखानस
HG1023,ज्ञानसंहिता,ज्ञानसंहिता,वैखानस/वैष्णव परम्परा,"वैष्णव आगम, मन्दिर-पूजा, अर्चना, कर्मकाण्ड र तत्त्व",वैखानस/वैष्णव आगम,वैष्णव/वैखानस
HG1024,सत्यकाण्डः,सत्यकाण्डः,वैखानस/वैष्णव परम्परा,"वैष्णव आगम, मन्दिर-पूजा, अर्चना, कर्मकाण्ड र तत्त्व",वैखानस/वैष्णव आगम,वैष्णव/वैखानस
HG1025,तर्ककाण्डः,तर्ककाण्डः,वैखानस/वैष्णव परम्परा,"वैष्णव आगम, मन्दिर-पूजा, अर्चना, कर्मकाण्ड र तत्त्व",वैखानस/वैष्णव आगम,वैष्णव/वैखानस
HG1026,ज्ञानकाण्डः,ज्ञानकाण्डः,वैखानस/वैष्णव परम्परा,"वैष्णव आगम, मन्दिर-पूजा, अर्चना, कर्मकाण्ड र तत्त्व",वैखानस/वैष्णव आगम,वैष्णव/वैखानस
